;province;county;county_cn;dq6
1;Shandong;LIXIA;???;370102
1;Shandong;JINAN SHIZHONG;??????;370103
1;Shandong;HUAIYIN;???;370104
1;Shandong;TIANQIAO;???;370105
1;Shandong;LICHENG;???;370112
1;Shandong;CHANGQING;???;370123
1;Shandong;PINGYIN;???;370124
1;Shandong;JIYANG;???;370125
1;Shandong;SHANGHE;???;370126
1;Shandong;ZHANGQIU;???;370181
1;Shandong;QINGDAO SHINAN;?????;370202
1;Shandong;QINGDAO SHIBEI;?????;370203
1;Shandong;SIFANG;???;370205
1;Shandong;HUANGDAO;???;370211
1;Shandong;LAOSHAN;???;370212
1;Shandong;LICANG;???;370213
1;Shandong;CHENGYANG;???;370214
1;Shandong;JIAOZHOU;???;370281
1;Shandong;JIMO;???;370282
1;Shandong;PINGDU;???;370283
1;Shandong;JIAONAN;???;370284
1;Shandong;LAIXI;???;370285
1;Shandong;ZICHUAN;???;370302
1;Shandong;ZHANGDIAN;???;370303
1;Shandong;BOSHAN;???;370304
1;Shandong;LINZI;???;370305
1;Shandong;ZHOUCUN;???;370306
1;Shandong;HUANTAI;???;370321
1;Shandong;GAOQING;???;370322
1;Shandong;YIYUAN;???;370323
1;Shandong;SHIZHONG;???;370402
1;Shandong;XUECHENG;???;370403
1;Shandong;YICHENG;???;370404
1;Shandong;TAIERZHUANG;????;370405
1;Shandong;SHANTING;???;370406
1;Shandong;TENGZHOU;???;370481
1;Shandong;DONGYING;???;370502
1;Shandong;HEKOU;???;370503
1;Shandong;KENLI;???;370521
1;Shandong;LIJIN;???;370522
1;Shandong;GUANGRAO;???;370523
1;Shandong;ZHIFU;???;370602
1;Shandong;FUSHAN;???;370611
1;Shandong;MUPING;???;370612
1;Shandong;LAISHAN;???;370613
1;Shandong;CHANGDAO;???;370634
1;Shandong;LONGKOU;???;370681
1;Shandong;LAIYANG;???;370682
1;Shandong;LAIZHOU;???;370683
1;Shandong;PENGLAI;???;370684
1;Shandong;ZHAOYUAN;???;370685
1;Shandong;XIXIA;???;370686
1;Shandong;HAIYANG;???;370687
1;Shandong;WEICHENG;???;370702
1;Shandong;HANTING;???;370703
1;Shandong;FANGZI;???;370704
1;Shandong;KUIWEN;???;370705
1;Shandong;LINQU;???;370724
1;Shandong;CHANGLE;???;370725
1;Shandong;QINGZHOU;???;370781
1;Shandong;ZHUCHENG;???;370782
1;Shandong;SHOUGUANG;???;370783
1;Shandong;ANQIU;???;370784
1;Shandong;GAOMI;???;370785
1;Shandong;CHANGYI;???;370786
1;Shandong;JINING SHIZHONG;?????;370802
1;Shandong;RENCHENG;???;370811
1;Shandong;WEISHAN;???;370826
1;Shandong;YUTAI;???;370827
1;Shandong;JINXIANG;???;370828
1;Shandong;JIAXIANG;???;370829
1;Shandong;WENSHANG;???;370830
1;Shandong;SISHUI;???;370831
1;Shandong;LIANGSHAN;???;370832
1;Shandong;QUFU;???;370881
1;Shandong;YANZHOU;???;370882
1;Shandong;ZOUCHENG;???;370883
1;Shandong;TAISHAN;???;370902
1;Shandong;DAIYUE;???;370903
1;Shandong;NINGYANG;???;370921
1;Shandong;DONGPING;???;370923
1;Shandong;XINTAI;???;370982
1;Shandong;FEICHENG;???;370983
1;Shandong;HUANCUI;???;371002
1;Shandong;WENDENG;???;371081
1;Shandong;RONGCHENG;???;371082
1;Shandong;RUSHAN;???;371083
1;Shandong;DONGGANG;???;371102
1;Shandong;WULIAN;???;371121
1;Shandong;JUXIAN;??;371122
1;Shandong;LAICHENG;???;371202
1;Shandong;GANGCHENG;???;371203
1;Shandong;LANSHAN;???;371302
1;Shandong;LUOZHUANG;???;371311
1;Shandong;HEDONG;???;371312
1;Shandong;YINAN;???;371321
1;Shandong;TANCHENG;???;371322
1;Shandong;YISHUI;???;371323
1;Shandong;CANGSHAN;???;371324
1;Shandong;FEI;??;371325
1;Shandong;PINGYI;???;371326
1;Shandong;JUNAN;???;371327
1;Shandong;MENGYIN;???;371328
1;Shandong;LINSHU;???;371329
1;Shandong;DECHENG;???;371402
1;Shandong;LING;??;371421
1;Shandong;NINGJIN;???;371422
1;Shandong;QINGYUN;???;371423
1;Shandong;LINYI;???;371424
1;Shandong;QIHE;???;371425
1;Shandong;PINGYUAN;???;371426
1;Shandong;XIAJIN;???;371427
1;Shandong;WUCHENG;???;371428
1;Shandong;LELING;???;371481
1;Shandong;YUCHENG;???;371482
1;Shandong;DONGCHANGFU;????;371502
1;Shandong;YANGGU;???;371521
1;Shandong;SHEN;??;371522
1;Shandong;CHIPING;???;371523
1;Shandong;DONGA;???;371524
1;Shandong;GUAN;??;371525
1;Shandong;GAOTANG;???;371526
1;Shandong;LINQING;???;371581
1;Shandong;BINCHENG;???;371602
1;Shandong;HUIMIN;???;371621
1;Shandong;YANGXIN;???;371622
1;Shandong;WUDI;???;371623
1;Shandong;ZHANHUA;???;371624
1;Shandong;BOXING;???;371625
1;Shandong;ZOUPING;???;371626
1;Shandong;MUDAN;???;371702
1;Shandong;CAO;??;371721
1;Shandong;DAN;??;371722
1;Shandong;CHENGWU;???;371723
1;Shandong;JUYE;???;371724
1;Shandong;YUNCHENG;???;371725
1;Shandong;JUANCHENG;???;371726
1;Shandong;DINGTAO;???;371727
1;Shandong;DONGMING;???;371728
2;Jiangsu;XUANWU;???;320102
2;Jiangsu;BAIXIA;???;320103
2;Jiangsu;QINHUAI;???;320104
2;Jiangsu;JIANYE;???;320105
2;Jiangsu;GULOU;???;320106
2;Jiangsu;XIAGUAN;???;320107
2;Jiangsu;PUKOU;???;320111
2;Jiangsu;DACHANG;???;320112
2;Jiangsu;XIXIA;???;320113
2;Jiangsu;YUHUATAI;????;320114
2;Jiangsu;JIANGNING;???;320121
2;Jiangsu;JIANGPU;???;320122
2;Jiangsu;LIUHE;???;320123
2;Jiangsu;LISHUI;???;320124
2;Jiangsu;GAOCHUN;???;320125
2;Jiangsu;CHONGAN;???;320202
2;Jiangsu;NANCHANG;???;320203
2;Jiangsu;BEITANG;???;320204
2;Jiangsu;WUXI JIAOQU;?????;320211
2;Jiangsu;MASHAN;???;320212
2;Jiangsu;JIANGYIN;???;320281
2;Jiangsu;YIXING;???;320282
2;Jiangsu;XISHAN;???;320283
2;Jiangsu;GULOU;???;320302
2;Jiangsu;YUNLONG;???;320303
2;Jiangsu;JIULI;???;320304
2;Jiangsu;JIAWANG;???;320305
2;Jiangsu;QUANSHAN;???;320311
2;Jiangsu;FENGXIAN;??;320321
2;Jiangsu;PEIXIAN;??;320322
2;Jiangsu;TONGSHAN;???;320323
2;Jiangsu;SUINING;???;320324
2;Jiangsu;XINYI;???;320381
2;Jiangsu;PIZHOU;???;320382
2;Jiangsu;TIANNING;???;320402
2;Jiangsu;ZHONGLOU;???;320404
2;Jiangsu;QISHUYAN;????;320405
2;Jiangsu;CHANGZHOU JIAOQU;?????;320411
2;Jiangsu;LIYANG;???;320481
2;Jiangsu;JINTAN;???;320482
2;Jiangsu;WUJIN;???;320483
2;Jiangsu;CANGLANG;???;320502
2;Jiangsu;PINGJIANG;???;320503
2;Jiangsu;JINCHANG;???;320504
2;Jiangsu;HUQIU;???;320505
2;Jiangsu;CHANGSHU;???;320581
2;Jiangsu;ZHANGJIAGANG;????;320582
2;Jiangsu;KUNSHAN;???;320583
2;Jiangsu;WUJIANG;???;320584
2;Jiangsu;TAICANG;???;320585
2;Jiangsu;WUXIAN;???;320586
2;Jiangsu;CHONGCHUAN;???;320602
2;Jiangsu;GANGZHA;???;320611
2;Jiangsu;HAIAN;???;320621
2;Jiangsu;RUDONG;???;320623
2;Jiangsu;QIDONG;???;320681
2;Jiangsu;RUGAO;???;320682
2;Jiangsu;TONGZHOU;???;320683
2;Jiangsu;HAIMEN;???;320684
2;Jiangsu;LIANYUN;???;320703
2;Jiangsu;YUNTAI;???;320704
2;Jiangsu;XINPU;???;320705
2;Jiangsu;HAIZHOU;???;320706
2;Jiangsu;GANYU;???;320721
2;Jiangsu;DONGHAI;???;320722
2;Jiangsu;GUANYUN;???;320723
2;Jiangsu;GUANNAN;???;320724
2;Jiangsu;QINGHE;???;320802
2;Jiangsu;QINGPU;???;320811
2;Jiangsu;HUAIYIN;???;320821
2;Jiangsu;LIANSHUI;???;320826
2;Jiangsu;HONGZE;???;320829
2;Jiangsu;XUYI;???;320830
2;Jiangsu;JINHU;???;320831
2;Jiangsu;HUAIAN;???;320882
2;Jiangsu;YANCHENG CHENGQU;????;320902
2;Jiangsu;XIANGSHUI;???;320921
2;Jiangsu;BINHAI;???;320922
2;Jiangsu;FUNING;???;320923
2;Jiangsu;SHEYANG;???;320924
2;Jiangsu;JIANHU;???;320925
2;Jiangsu;YANDU;???;320928
2;Jiangsu;DONGTAI;???;320981
2;Jiangsu;DAFENG;???;320982
2;Jiangsu;GUANGLING;???;321002
2;Jiangsu;YANGZHOU JIAOQU;?????;321011
2;Jiangsu;BAOYING;???;321023
2;Jiangsu;HANJIANG;???;321027
2;Jiangsu;YIZHENG;???;321081
2;Jiangsu;GAOYOU;???;321084
2;Jiangsu;JIANGDU;???;321088
2;Jiangsu;JINGKOU;???;321102
2;Jiangsu;RUNZHOU;???;321111
2;Jiangsu;DANTU;???;321121
2;Jiangsu;DANYANG;???;321181
2;Jiangsu;YANGZHONG;???;321182
2;Jiangsu;JURONG;???;321183
2;Jiangsu;HAILING;???;321202
2;Jiangsu;GAOGANG;???;321203
2;Jiangsu;XINGHUA;???;321281
2;Jiangsu;JINGJIANG;???;321282
2;Jiangsu;TAIXING;???;321283
2;Jiangsu;JIANGYAN;???;321284
2;Jiangsu;SUCHENG;???;321302
2;Jiangsu;SUYU;???;321321
2;Jiangsu;SHUYANG;???;321322
2;Jiangsu;SIYANG;???;321323
2;Jiangsu;SIHONG;???;321324
3;Heilongjiang;DAOLI;???;230102
3;Heilongjiang;NANGANG;???;230103
3;Heilongjiang;DAOWAI;???;230104
3;Heilongjiang;TAIPING;???;230105
3;Heilongjiang;XIANGFANG;???;230106
3;Heilongjiang;DONGLI;???;230107
3;Heilongjiang;PINGFANG;???;230108
3;Heilongjiang;HULAN;???;230121
3;Heilongjiang;YILAN;???;230123
3;Heilongjiang;FANGZHENG;???;230124
3;Heilongjiang;BINXIAN;??;230125
3;Heilongjiang;BAYAN;???;230126
3;Heilongjiang;MULAN;???;230127
3;Heilongjiang;TONGHE;???;230128
3;Heilongjiang;YANSHOU;???;230129
3;Heilongjiang;ACHENG;???;230181
3;Heilongjiang;SHUANGCHENG;???;230182
3;Heilongjiang;SHANGZHI;???;230183
3;Heilongjiang;WUCHANG;???;230184
3;Heilongjiang;LONGSHA;???;230202
3;Heilongjiang;JIANHUA;???;230203
3;Heilongjiang;TIEFENG;???;230204
3;Heilongjiang;ANGANGXI;????;230205
3;Heilongjiang;FULAERJI;?????;230206
3;Heilongjiang;NIANZISHAN;????;230207
3;Heilongjiang;MEILISIDAWOERZU;????????;230208
3;Heilongjiang;LONGJIANG;???;230221
3;Heilongjiang;YIAN;???;230223
3;Heilongjiang;TAILAI;???;230224
3;Heilongjiang;GANNAN;???;230225
3;Heilongjiang;FUYU;???;230227
3;Heilongjiang;KESHAN;???;230229
3;Heilongjiang;KEDONG;???;230230
3;Heilongjiang;BAIQUAN;???;230231
3;Heilongjiang;NEHE;???;230281
3;Heilongjiang;JIGUAN;???;230302
3;Heilongjiang;HENGSHAN;???;230303
3;Heilongjiang;DIDAO;???;230304
3;Heilongjiang;LISHU;???;230305
3;Heilongjiang;CHENGZIHE;????;230306
3;Heilongjiang;MASHAN;???;230307
3;Heilongjiang;JIDONG;???;230321
3;Heilongjiang;HULIN;???;230381
3;Heilongjiang;MISHAN;???;230382
3;Heilongjiang;XIANGYANG;???;230402
3;Heilongjiang;GONGNONG;???;230403
3;Heilongjiang;NANSHAN;???;230404
3;Heilongjiang;XINGAN;???;230405
3;Heilongjiang;DONGSHAN;???;230406
3;Heilongjiang;XINGSHAN;???;230407
3;Heilongjiang;LUOBEI;???;230421
3;Heilongjiang;SUIBIN;???;230422
3;Heilongjiang;JIANSHAN;???;230502
3;Heilongjiang;LINGDONG;???;230503
3;Heilongjiang;SIFANGTAI;????;230505
3;Heilongjiang;BAOSHAN;???;230506
3;Heilongjiang;JIXIAN;???;230521
3;Heilongjiang;YOUYI;???;230522
3;Heilongjiang;BAOQING;???;230523
3;Heilongjiang;RAOHE;???;230524
3;Heilongjiang;SAERTU;????;230602
3;Heilongjiang;LONGFENG;???;230603
3;Heilongjiang;RANGHULU;????;230604
3;Heilongjiang;HONGGANG;???;230605
3;Heilongjiang;DATONG;???;230606
3;Heilongjiang;ZHAOZHOU;???;230621
3;Heilongjiang;ZHAOYUAN;???;230622
3;Heilongjiang;LINDIAN;???;230623
3;Heilongjiang;DUERBOTEMENGGUZUZIZHIXIAN;??????????;230624
3;Heilongjiang;YICHUN;???;230702
3;Heilongjiang;NANCHA;???;230703
3;Heilongjiang;YOUHAO;???;230704
3;Heilongjiang;XILIN;???;230705
3;Heilongjiang;CUILUAN;???;230706
3;Heilongjiang;XINQING;???;230707
3;Heilongjiang;MEIXI;???;230708
3;Heilongjiang;JINSHANTUN;????;230709
3;Heilongjiang;WUYING;???;230710
3;Heilongjiang;WUMAHE;????;230711
3;Heilongjiang;TANGWANGHE;????;230712
3;Heilongjiang;DAILING;???;230713
3;Heilongjiang;WUYILING;????;230714
3;Heilongjiang;HONGXING;???;230715
3;Heilongjiang;SHANGGANLING;????;230716
3;Heilongjiang;JIAYIN;???;230722
3;Heilongjiang;TIELI;???;230781
3;Heilongjiang;YONGHONG;???;230802
3;Heilongjiang;XIANGYANG;???;230803
3;Heilongjiang;QIANJIN;???;230804
3;Heilongjiang;DONGFENG;???;230805
3;Heilongjiang;JIAMUSHI JIAOQU;?????;230811
3;Heilongjiang;HUANAN;???;230822
3;Heilongjiang;HUACHUAN;???;230826
3;Heilongjiang;TANGYUAN;???;230828
3;Heilongjiang;FUYUAN;???;230833
3;Heilongjiang;TONGJIANG;???;230881
3;Heilongjiang;FUJIN;???;230882
3;Heilongjiang;XINXING;???;230902
3;Heilongjiang;TAOSHAN;???;230903
3;Heilongjiang;QIEZIHE;????;230904
3;Heilongjiang;BOLI;???;230921
3;Heilongjiang;DONGAN;???;231002
3;Heilongjiang;YANGMING;???;231003
3;Heilongjiang;AIMIN;???;231004
3;Heilongjiang;XIAN;???;231005
3;Heilongjiang;DONGNING;???;231024
3;Heilongjiang;LINKOU;???;231025
3;Heilongjiang;SUIFENHE;????;231081
3;Heilongjiang;HAILIN;???;231083
3;Heilongjiang;NINGAN;???;231084
3;Heilongjiang;MULENG;???;231085
3;Heilongjiang;AIHUI;???;231102
3;Heilongjiang;NENJIANG;???;231121
3;Heilongjiang;XUNKE;???;231123
3;Heilongjiang;SUNWU;???;231124
3;Heilongjiang;BEIAN;???;231181
3;Heilongjiang;WUDALIANCHI;?????;231182
3;Heilongjiang;BEILIN;???;231202
3;Heilongjiang;WANGKUI;???;231221
3;Heilongjiang;LANXI;???;231222
3;Heilongjiang;QINGGANG;???;231223
3;Heilongjiang;QINGAN;???;231224
3;Heilongjiang;MINGSHUI;???;231225
3;Heilongjiang;SUILENG;???;231226
3;Heilongjiang;ANDA;???;231281
3;Heilongjiang;ZHAODONG;???;231282
3;Heilongjiang;HAILUN;???;231283
3;Heilongjiang;JIAGEDAJI;?????;232701
3;Heilongjiang;SONGLING;???;232702
3;Heilongjiang;XINLIN;???;232703
3;Heilongjiang;HUZHONG;???;232704
3;Heilongjiang;HUMA;???;232721
3;Heilongjiang;TAHE;???;232722
3;Heilongjiang;MOHE;???;232723
4;Hubei;JIANGAN;???;420102
4;Hubei;JIANGHAN;???;420103
4;Hubei;??;???;420104
4;Hubei;HANYANG;???;420105
4;Hubei;WUCHANG;???;420106
4;Hubei;QINGSHAN;???;420107
4;Hubei;HONGSHAN;???;420111
4;Hubei;DONGXIHU;????;420112
4;Hubei;HANNAN;???;420113
4;Hubei;CAIDIAN;???;420114
4;Hubei;JIANGXIA;???;420115
4;Hubei;HUANGPI;???;420116
4;Hubei;XINZHOU;???;420117
4;Hubei;HUANGSHIGANG;????;420202
4;Hubei;SHIHUIYAO;????;420203
4;Hubei;XIALU;???;420204
4;Hubei;TIESHAN;???;420205
4;Hubei;YANGXIN;???;420222
4;Hubei;DAYE;???;420281
4;Hubei;MAOJIAN;???;420302
4;Hubei;ZHANGWAN;???;420303
4;Hubei;YUN;??;420321
4;Hubei;YUNXI;???;420322
4;Hubei;ZHUSHAN;???;420323
4;Hubei;ZHUXI;???;420324
4;Hubei;FANG;??;420325
4;Hubei;DANJIANGKOU;????;420381
4;Hubei;XILING;???;420502
4;Hubei;WUJIAGANG;????;420503
4;Hubei;DIANJUN;???;420504
4;Hubei;??;???;420505
4;Hubei;YICHANG;???;420521
4;Hubei;YUANAN;???;420525
4;Hubei;XINGSHAN;???;420526
4;Hubei;ZIGUI;???;420527
4;Hubei;CHANGYANGTUJIAZUZIZHIXIAN;????????;420528
4;Hubei;WUFENGTUJIAZUZIZHIXIAN;????????;420529
4;Hubei;YIDU;???;420581
4;Hubei;DANGYANG;???;420582
4;Hubei;ZHIJIANG;???;420583
4;Hubei;XIANGCHENG;???;420602
4;Hubei;FANCHENG;???;420606
4;Hubei;XIANGYANG;???;420621
4;Hubei;NANZHANG;???;420624
4;Hubei;GUCHENG;???;420625
4;Hubei;BAOKANG;???;420626
4;Hubei;LAOHEKOU;????;420682
4;Hubei;ZAOYANG;???;420683
4;Hubei;YICHENG;???;420684
4;Hubei;LIANGZIHU;????;420702
4;Hubei;HUARONG;???;420703
4;Hubei;ECHENG;???;420704
4;Hubei;DONGBAO;???;420802
4;Hubei;JINGSHAN;???;420821
4;Hubei;SHAYANG;???;420822
4;Hubei;ZHONGXIANG;???;420881
4;Hubei;XIAONAN;???;420902
4;Hubei;XIAOCHANG;???;420921
4;Hubei;DAWU;???;420922
4;Hubei;YUNMENG;???;420923
4;Hubei;YINGCHENG;???;420981
4;Hubei;ANLU;???;420982
4;Hubei;HANCHUAN;???;420984
4;Hubei;SHASHI;???;421002
4;Hubei;JINGZHOU;???;421003
4;Hubei;GONGAN;???;421022
4;Hubei;JIANLI;???;421023
4;Hubei;JIANGLING;???;421024
4;Hubei;SHISHOU;???;421081
4;Hubei;HONGHU;???;421083
4;Hubei;SONGZI;???;421087
4;Hubei;HUANGZHOU;???;421102
4;Hubei;TUANFENG;???;421121
4;Hubei;HONGAN;???;421122
4;Hubei;LUOTIAN;???;421123
4;Hubei;YINGSHAN;???;421124
4;Hubei;XISHUI;???;421125
4;Hubei;QICHUN;???;421126
4;Hubei;HUANGMEI;???;421127
4;Hubei;MACHENG;???;421181
4;Hubei;WUXUE;???;421182
4;Hubei;XIANAN;???;421202
4;Hubei;JIAYU;???;421221
4;Hubei;TONGCHENG;???;421222
4;Hubei;CHONGYANG;???;421223
4;Hubei;TONGSHAN;???;421224
4;Hubei;CHIBI;???;421281
4;Hubei;CENGDU;???;421302
4;Hubei;GUANGSHUI;???;421381
4;Hubei;ENSHI;???;422801
4;Hubei;LICHUAN;???;422802
4;Hubei;JIANSHI;???;422822
4;Hubei;BADONG;???;422823
4;Hubei;XUANEN;???;422825
4;Hubei;XIANFENG;???;422826
4;Hubei;LAIFENG;???;422827
4;Hubei;HEFENG;???;422828
4;Hubei;XIANTAO;???;429004
4;Hubei;QIANJIANG;???;429005
4;Hubei;TIANMEN;???;429006
4;Hubei;SHENNONGJIALIN;?????;429021
5;Anhui;DONGSHI;???;340102
5;Anhui;ZHONGSHI;???;340103
5;Anhui;XISHI;???;340104
5;Anhui;HEFEI JIAOQU;????;340111
5;Anhui;CHANGFENG;???;340121
5;Anhui;FEIDONG;???;340122
5;Anhui;FEIXI;???;340123
5;Anhui;JINGHU;???;340202
5;Anhui;MATANG;???;340203
5;Anhui;XINWU;???;340204
5;Anhui;JIUJIANG;???;340207
5;Anhui;WUHU;???;340221
5;Anhui;FANCHANG;???;340222
5;Anhui;NANLING;???;340223
5;Anhui;DONGSHI;???;340302
5;Anhui;ZHONGSHI;???;340303
5;Anhui;XISHI;???;340304
5;Anhui;BANGBU JIAOQU;?????;340311
5;Anhui;HUAIYUAN;???;340321
5;Anhui;WUHE;???;340322
5;Anhui;GUZHEN;???;340323
5;Anhui;DATONG;???;340402
5;Anhui;TIANJIAAN;????;340403
5;Anhui;XIEJIAJI;????;340404
5;Anhui;BAGONGSHAN;????;340405
5;Anhui;PANJI;???;340406
5;Anhui;FENGTAI;???;340421
5;Anhui;JINJIAZHUANG;????;340502
5;Anhui;HUASHAN;???;340503
5;Anhui;YUSHAN;???;340504
5;Anhui;XIANGSHAN;???;340505
5;Anhui;DANGTU;???;340521
5;Anhui;DUJI;???;340602
5;Anhui;XIANGSHAN;???;340603
5;Anhui;LIESHAN;???;340604
5;Anhui;SUIXI;???;340621
5;Anhui;TONGGUANSHAN;????;340702
5;Anhui;SHIZISHAN;????;340703
5;Anhui;TONGLING JIAOQU;?????;340711
5;Anhui;TONGLING;???;340721
5;Anhui;YINGJIANG;???;340802
5;Anhui;DAGUAN;???;340803
5;Anhui;ANQING JIAOQU;?????;340811
5;Anhui;HUAINING;???;340822
5;Anhui;ZONGYANG;???;340823
5;Anhui;QIANSHAN;???;340824
5;Anhui;TAIHU;???;340825
5;Anhui;SUSONG;???;340826
5;Anhui;WANGJIANG;???;340827
5;Anhui;YUEXI;???;340828
5;Anhui;TONGCHENG;???;340881
5;Anhui;TUNXI;???;341002
5;Anhui;HUANGSHAN;???;341003
5;Anhui;HUIZHOU;???;341004
5;Anhui;SHEXIAN;??;341021
5;Anhui;XIUNING;???;341022
5;Anhui;YIXIAN;??;341023
5;Anhui;QIMEN;???;341024
5;Anhui;LANGYA;???;341102
5;Anhui;NANQIAO;???;341103
5;Anhui;LAIAN;???;341122
5;Anhui;QUANJIAO;???;341124
5;Anhui;DINGYUAN;???;341125
5;Anhui;FENGYANG;???;341126
5;Anhui;TIANCHANG;???;341181
5;Anhui;MINGGUANG;???;341182
5;Anhui;YINGZHOU;???;341202
5;Anhui;YINGDONG;???;341203
5;Anhui;YINGQUAN;???;341204
5;Anhui;LINQUAN;???;341221
5;Anhui;TAIHE;???;341222
5;Anhui;FUNAN;???;341225
5;Anhui;YINGSHANG;???;341226
5;Anhui;JIESHOU;???;341282
5;Anhui;YONGQIAO;???;341302
5;Anhui;DANGSHAN;???;341321
5;Anhui;XIAOXIAN;??;341322
5;Anhui;LINGBI;???;341323
5;Anhui;SIXIAN;??;341324
5;Anhui;JUCHAO;???;341402
5;Anhui;LUJIANG;???;341421
5;Anhui;WUWEI;???;341422
5;Anhui;HANSHAN;???;341423
5;Anhui;HEXIAN;??;341424
5;Anhui;JINAN;???;341502
5;Anhui;YUAN;???;341503
5;Anhui;SHOUXIAN;??;341521
5;Anhui;HUOQIU;???;341522
5;Anhui;SHUCHENG;???;341523
5;Anhui;JINZHAI;???;341524
5;Anhui;HUOSHAN;???;341525
5;Anhui;QIAOCHENG;???;341602
5;Anhui;GUOYANG;???;341621
5;Anhui;MENGCHENG;???;341622
5;Anhui;LIXIN;???;341623
5;Anhui;GUICHI;???;341702
5;Anhui;DONGZHI;???;341721
5;Anhui;SHITAI;???;341722
5;Anhui;QINGYANG;???;341723
5;Anhui;XUANZHOU;???;341802
5;Anhui;LANGXI;???;341821
5;Anhui;GUANGDE;???;341822
5;Anhui;JINGXIAN;??;341823
5;Anhui;JIXI;???;341824
5;Anhui;JINGDE;???;341825
5;Anhui;NINGGUO;???;341881
6;Shaanxi;XINCHENGQU;?????;610102
6;Shaanxi;BEILIN;???;610103
6;Shaanxi;LIANHU;???;610104
6;Shaanxi;BAQIAO;???;610111
6;Shaanxi;WEIYANG;???;610112
6;Shaanxi;YANTA;???;610113
6;Shaanxi;YANLIANG;???;610114
6;Shaanxi;LINTONG;???;610115
6;Shaanxi;CHANGAN;???;610121
6;Shaanxi;LANTIAN;???;610122
6;Shaanxi;ZHOUZHI;???;610124
6;Shaanxi;HU;??;610125
6;Shaanxi;GAOLING;???;610126
6;Shaanxi;WANGYI;???;610202
6;Shaanxi;YINTAI;???;610203
6;Shaanxi;YAO;??;610221
6;Shaanxi;YIJUN;???;610222
6;Shaanxi;WEIBIN;???;610302
6;Shaanxi;JINTAI;???;610303
6;Shaanxi;BAOJI;???;610321
6;Shaanxi;FENGXIANG;???;610322
6;Shaanxi;QISHAN;???;610323
6;Shaanxi;FUFENG;???;610324
6;Shaanxi;MEI;??;610326
6;Shaanxi;LONG;??;610327
6;Shaanxi;QIANYANG;???;610328
6;Shaanxi;LINYOU;???;610329
6;Shaanxi;FENG;??;610330
6;Shaanxi;TAIBAI;???;610331
6;Shaanxi;QINDU;???;610402
6;Shaanxi;YANGLING;???;610403
6;Shaanxi;WEICHENG;???;610404
6;Shaanxi;SANYUAN;???;610422
6;Shaanxi;JINGYANG;???;610423
6;Shaanxi;QIAN;??;610424
6;Shaanxi;LIQUAN;???;610425
6;Shaanxi;YONGSHOU;???;610426
6;Shaanxi;BIN;??;610427
6;Shaanxi;CHANGWU;???;610428
6;Shaanxi;XUNYI;???;610429
6;Shaanxi;CHUNHUA;???;610430
6;Shaanxi;WUGONG;???;610431
6;Shaanxi;XINGPING;???;610481
6;Shaanxi;LINWEI;???;610502
6;Shaanxi;HUA;??;610521
6;Shaanxi;TONGGUAN;???;610522
6;Shaanxi;DALI;???;610523
6;Shaanxi;HEYANG;???;610524
6;Shaanxi;CHENGCHENG;???;610525
6;Shaanxi;PUCHENG;???;610526
6;Shaanxi;BAISHUI;???;610527
6;Shaanxi;FUPING;???;610528
6;Shaanxi;HANCHENG;???;610581
6;Shaanxi;HUAYIN;???;610582
6;Shaanxi;BAOTA;???;610602
6;Shaanxi;YANCHANG;???;610621
6;Shaanxi;YANCHUAN;???;610622
6;Shaanxi;ZICHANG;???;610623
6;Shaanxi;ANSAI;???;610624
6;Shaanxi;ZHIDAN;???;610625
6;Shaanxi;WUQI;???;610626
6;Shaanxi;GANQUAN;???;610627
6;Shaanxi;FU;??;610628
6;Shaanxi;LUOCHUAN;???;610629
6;Shaanxi;YICHUAN;???;610630
6;Shaanxi;HUANGLONG;???;610631
6;Shaanxi;HUANGLING;???;610632
6;Shaanxi;HANTAI;???;610702
6;Shaanxi;NANZHENG;???;610721
6;Shaanxi;CHENGGU;???;610722
6;Shaanxi;YANG;??;610723
6;Shaanxi;XIXIANG;???;610724
6;Shaanxi;MIAN;??;610725
6;Shaanxi;NINGQIANG;???;610726
6;Shaanxi;LVEYANG;???;610727
6;Shaanxi;ZHENBA;???;610728
6;Shaanxi;LIUBA;???;610729
6;Shaanxi;FOPING;???;610730
6;Shaanxi;YUYANG;???;610802
6;Shaanxi;SHENMU;???;610821
6;Shaanxi;FUGU;???;610822
6;Shaanxi;HENGSHAN;???;610823
6;Shaanxi;JINGBIAN;???;610824
6;Shaanxi;DINGBIAN;???;610825
6;Shaanxi;SUIDE;???;610826
6;Shaanxi;MIZHI;???;610827
6;Shaanxi;JIA;??;610828
6;Shaanxi;WUBAO;???;610829
6;Shaanxi;QINGJIAN;???;610830
6;Shaanxi;ZIZHOU;???;610831
6;Shaanxi;HANBIN;???;610902
6;Shaanxi;HANYIN;???;610921
6;Shaanxi;SHIQUAN;???;610922
6;Shaanxi;NINGSHAN;???;610923
6;Shaanxi;ZIYANG;???;610924
6;Shaanxi;LANGAO;???;610925
6;Shaanxi;PINGLI;???;610926
6;Shaanxi;ZHENPING;???;610927
6;Shaanxi;XUNYANG;???;610928
6;Shaanxi;BAIHE;???;610929
6;Shaanxi;SHANGZHOU;???;612501
6;Shaanxi;LUONAN;???;612522
6;Shaanxi;DANFENG;???;612523
6;Shaanxi;SHANGNAN;???;612524
6;Shaanxi;SHANYANG;???;612525
6;Shaanxi;ZHENAN;???;612526
6;Shaanxi;ZHASHUI;???;612527
7;Xizang;CHENGGUAN;???;540102
7;Xizang;LINZHOU;???;540121
7;Xizang;DANGXIONG;???;540122
7;Xizang;NIMU;???;540123
7;Xizang;QUSHUI;???;540124
7;Xizang;DUILONGDEQING;?????;540125
7;Xizang;DAZI;???;540126
7;Xizang;MOZHUGONGKA;?????;540127
7;Xizang;CHANGDU;???;542121
7;Xizang;JIANGDA;???;542122
7;Xizang;GONGJUE;???;542123
7;Xizang;LEIWUQI;????;542124
7;Xizang;DINGQING;???;542125
7;Xizang;CHAYA;???;542126
7;Xizang;BASU;???;542127
7;Xizang;ZUOGONG;???;542128
7;Xizang;MANGKANG;???;542129
7;Xizang;LUOLONG;???;542132
7;Xizang;BIANBA;???;542133
7;Xizang;NAIDONG;???;542221
7;Xizang;ZHANANG;???;542222
7;Xizang;GONGGA;???;542223
7;Xizang;SANGRI;???;542224
7;Xizang;QIONGJIE;???;542225
7;Xizang;QUSONG;???;542226
7;Xizang;CUOMEI;???;542227
7;Xizang;LUOZHA;???;542228
7;Xizang;JIACHA;???;542229
7;Xizang;LONGZI;???;542231
7;Xizang;CUONA;???;542232
7;Xizang;LANGKAZI;????;542233
7;Xizang;RIKAZE;????;542301
7;Xizang;NANMULIN;????;542322
7;Xizang;JIANGZI;???;542323
7;Xizang;DINGRI;???;542324
7;Xizang;SAJIA;???;542325
7;Xizang;LAZI;???;542326
7;Xizang;ANGREN;???;542327
7;Xizang;XIETONGMEN;????;542328
7;Xizang;BAILANG;???;542329
7;Xizang;RENBU;???;542330
7;Xizang;KANGMA;???;542331
7;Xizang;DINGJIE;???;542332
7;Xizang;ZHONGBA;???;542333
7;Xizang;YADONG;???;542334
7;Xizang;JILONG;???;542335
7;Xizang;NIELAMU;????;542336
7;Xizang;SAGA;???;542337
7;Xizang;GANGBA;???;542338
7;Xizang;NAQU;???;542421
7;Xizang;JIALI;???;542422
7;Xizang;BIRU;???;542423
7;Xizang;NIERONG;???;542424
7;Xizang;ANDUO;???;542425
7;Xizang;SHENZHA;???;542426
7;Xizang;SUO;??;542427
7;Xizang;BANGE;???;542428
7;Xizang;BAQING;???;542429
7;Xizang;NIMA;???;542430
7;Xizang;PULAN;???;542521
7;Xizang;ZHADA;???;542522
7;Xizang;GAER;???;542523
7;Xizang;RITU;???;542524
7;Xizang;GEJI;???;542525
7;Xizang;GAIZE;???;542526
7;Xizang;CUOQIN;???;542527
7;Xizang;LINZHI;???;542621
7;Xizang;GONGBUJIANGDA;?????;542622
7;Xizang;MILIN;???;542623
7;Xizang;MOTUO;???;542624
7;Xizang;BOMI;???;542625
7;Xizang;CHAYU;???;542626
7;Xizang;LANG;??;542627
8;Chongqing;WANZHOU ;???;500101
8;Chongqing;FULING;???;500102
8;Chongqing;YUZHONG;???;500103
8;Chongqing;DADUKOU;????;500104
8;Chongqing;JIANGBEI;???;500105
8;Chongqing;SHAPINGBA;????;500106
8;Chongqing;JIULONGPO;????;500107
8;Chongqing;NANAN;???;500108
8;Chongqing;BEIBEI;???;500109
8;Chongqing;WANSHENG;???;500110
8;Chongqing;SHUANGQIAO;???;500111
8;Chongqing;YUBEI;???;500112
8;Chongqing;BANAN;???;500113
8;Chongqing;QIANJIANG;???;500114
8;Chongqing;CHANGSHOU;???;500221
8;Chongqing;QIJIANG;???;500222
8;Chongqing;TONGNAN;???;500223
8;Chongqing;TONGLIANG;???;500224
8;Chongqing;DAZU;???;500225
8;Chongqing;RONGCHANG;???;500226
8;Chongqing;BISHAN;???;500227
8;Chongqing;LIANGPING;???;500228
8;Chongqing;CHENGKOU;???;500229
8;Chongqing;FENGDU;???;500230
8;Chongqing;DIANJIANG;???;500231
8;Chongqing;WULONG;???;500232
8;Chongqing;ZHONGXIAN;??;500233
8;Chongqing;KAI;??;500234
8;Chongqing;YUNYANG;???;500235
8;Chongqing;FENGJIE;???;500236
8;Chongqing;WUSHAN;???;500237
8;Chongqing;WUXI;???;500238
8;Chongqing;SHIZHUTUJIAZUZHZHIXIAN;????????;500240
8;Chongqing;XIUSHANTUJIAZUMIAOZUZHZHIXIAN;??????????;500241
8;Chongqing;YOUYANGTUJIAZUMIAOZUZHZHIXIAN;??????????;500242
8;Chongqing;PENGSHUIMIAOZUTUJIAZUZHZHIXIAN;??????????;500243
8;Chongqing;JIANGJIN;???;500381
8;Chongqing;HECHUAN;???;500382
8;Chongqing;YONGCHUAN;???;500383
8;Chongqing;NANCHUAN;???;500384
9;Gansu;CHENGGUAN;???;620102
9;Gansu;QILIHE;????;620103
9;Gansu;XIGU;???;620104
9;Gansu;ANNING;???;620105
9;Gansu;HONGGU;???;620111
9;Gansu;YONGDENG;???;620121
9;Gansu;GAOLAN;???;620122
9;Gansu;YUZHONG;???;620123
9;Gansu;JIAYUGUAN;????;620201
9;Gansu;JINCHUAN;???;620302
9;Gansu;YONGCHANG;???;620321
9;Gansu;BAIYIN;???;620402
9;Gansu;PINGCHUAN;???;620403
9;Gansu;JINGYUAN;???;620421
9;Gansu;HUINING;???;620422
9;Gansu;JINGTAI;???;620423
9;Gansu;QINCHENG;???;620502
9;Gansu;BEIDAO;???;620503
9;Gansu;QINGSHUI;???;620521
9;Gansu;QINAN;???;620522
9;Gansu;GANGU;???;620523
9;Gansu;WUSHAN;???;620524
9;Gansu;ZHANGJIACHUANHUIZUZHZHIXIAN;????????;620525
9;Gansu;YUMEN;???;622101
9;Gansu;JIUQUAN;???;622102
9;Gansu;DUNHUANG;???;622103
9;Gansu;JINTA;???;622123
9;Gansu;SUBEIMENGGUZUZHZHIXIAN;????????;622124
9;Gansu;AKESAIHASAKEZUZHZHIXIAN;??????????;622125
9;Gansu;ANXI;???;622126
9;Gansu;ZHANGYE;???;622201
9;Gansu;SUNANYUGUZUZHZHIXIAN;????????;622222
9;Gansu;MINLE;???;622223
9;Gansu;LINZE;???;622224
9;Gansu;GAOTAI;???;622225
9;Gansu;SHANDAN;???;622226
9;Gansu;WUWEI;???;622301
9;Gansu;MINQIN;???;622322
9;Gansu;GULANG;???;622323
9;Gansu;TIANZHUCANGZUZHZHIXIAN;???????;622326
9;Gansu;DINGXI;???;622421
9;Gansu;TONGWEI;???;622424
9;Gansu;LONGXI;???;622425
9;Gansu;WEIYUAN;???;622426
9;Gansu;LINTAO;???;622427
9;Gansu;ZHANG;??;622428
9;Gansu;MIN;??;622429
9;Gansu;WUDU;???;622621
9;Gansu;DANGCHANG;???;622623
9;Gansu;CHENG;??;622624
9;Gansu;KANG;??;622625
9;Gansu;WEN;??;622626
9;Gansu;XIHE;???;622627
9;Gansu;LI;??;622628
9;Gansu;LIANGDANG;???;622629
9;Gansu;HUI;??;622630
9;Gansu;PINGLIANG;???;622701
9;Gansu;JINGCHUAN;???;622722
9;Gansu;LINGTAI;???;622723
9;Gansu;CHONGXIN;???;622724
9;Gansu;HUATING;???;622725
9;Gansu;ZHUANGLANG;???;622726
9;Gansu;JINGNING;???;622727
9;Gansu;XIFENG;???;622801
9;Gansu;QINGYANG;???;622821
9;Gansu;HUAN;??;622822
9;Gansu;HUACHI;???;622823
9;Gansu;HESHUI;???;622824
9;Gansu;ZHENGNING;???;622825
9;Gansu;NING;??;622826
9;Gansu;ZHENYUAN;???;622827
9;Gansu;LINXIA;???;622901
9;Gansu;LINXIA;???;622921
9;Gansu;KANGLE;???;622922
9;Gansu;YONGJING;???;622923
9;Gansu;GUANGHE;???;622924
9;Gansu;HEZHENG;???;622925
9;Gansu;DONGXIANGZUZHZHIXIAN;??????;622926
9;Gansu;JISHISHANDONGXIANGZUBAOANZUSALAZUZHZHIXIAN;???????????????;622927
9;Gansu;HEZUO;???;623001
9;Gansu;LINTAN;???;623021
9;Gansu;ZHUONI;???;623022
9;Gansu;ZHOUQU;???;623023
9;Gansu;DIEBU;???;623024
9;Gansu;MAQU;???;623025
9;Gansu;LUQU;???;623026
9;Gansu;XIAHE;???;623027
10;Tiajin;HEPING;???;120101
10;Tiajin;HEDONG;???;120102
10;Tiajin;HEXI;???;120103
10;Tiajin;NANKAI;???;120104
10;Tiajin;HEBEI;???;120105
10;Tiajin;HONGQIAO;???;120106
10;Tiajin;TANGGU;???;120107
10;Tiajin;HANGU;???;120108
10;Tiajin;DAGANG;???;120109
10;Tiajin;DONGLI;???;120110
10;Tiajin;XIQING;???;120111
10;Tiajin;JINNAN;???;120112
10;Tiajin;BEICHEN;???;120113
10;Tiajin;WUQING;???;120114
10;Tiajin;NINGHE;???;120221
10;Tiajin;JINGHAI;???;120223
10;Tiajin;BAODI;???;120224
10;Tiajin;JIXIAN;??;120225
11;Guanxi;XINGNING;???;450102
11;Guanxi;NANNING XINCHENG;?????;450103
11;Guanxi;NANNING CHENGBEI;?????;450104
11;Guanxi;NANNING JIANGNAN;?????;450105
11;Guanxi;NANNING YONGXIN;?????;450106
11;Guanxi;NANNING SHIJIAO;?????;450111
11;Guanxi;YONGNING;???;450121
11;Guanxi;WUMING;???;450122
11;Guanxi;LIUZHOU CHENGZHONG;?????;450202
11;Guanxi;YUFENG;???;450203
11;Guanxi;LIUNAN;???;450204
11;Guanxi;LIUBEI;???;450205
11;Guanxi;LIUZHOUJIAOQU;?????;450211
11;Guanxi;LIUJIANG;???;450221
11;Guanxi;LIUCHENG;???;450222
11;Guanxi;XIUFENG;???;450302
11;Guanxi;DIECAI;???;450303
11;Guanxi;XIANGSHAN;???;450304
11;Guanxi;QIXING;???;450305
11;Guanxi;YANSHAN;???;450311
11;Guanxi;YANGSHUO;???;450321
11;Guanxi;LINGUI;???;450322
11;Guanxi;LINGCHUAN;???;450323
11;Guanxi;QUANZHOU;???;450324
11;Guanxi;XINGAN;???;450325
11;Guanxi;YONGFU;???;450326
11;Guanxi;GUANYANG;???;450327
11;Guanxi;LONGSHENGGEZUZIZHIXIAN;???????;450328
11;Guanxi;ZIYUAN;???;450329
11;Guanxi;PINGLE;???;450330
11;Guanxi;LIPU;???;450331
11;Guanxi;GONGCHENGYAOZUZIZHIXIAN;???????;450332
11;Guanxi;WANXIU;???;450403
11;Guanxi;DIESHAN;???;450404
11;Guanxi;WUZHOUJIAOQU;?????;450411
11;Guanxi;CANGWU;???;450421
11;Guanxi;TENG;??;450422
11;Guanxi;MENGSHAN;???;450423
11;Guanxi;CENXI;???;450481
11;Guanxi;HAICHENG;???;450502
11;Guanxi;YINHAI;???;450503
11;Guanxi;TIESHANGANG;????;450512
11;Guanxi;HEPU;???;450521
11;Guanxi;GANGKOU;???;450602
11;Guanxi;FANGCHENG;???;450603
11;Guanxi;SHANGSI;???;450621
11;Guanxi;DONGXING;???;450681
11;Guanxi;QINNAN;???;450702
11;Guanxi;QINBEI;???;450703
11;Guanxi;LINGSHAN;???;450721
11;Guanxi;PUBEI;???;450722
11;Guanxi;GANGBEI;???;450802
11;Guanxi;GANGNAN;???;450803
11;Guanxi;PINGNAN;???;450821
11;Guanxi;GUIPING;???;450881
11;Guanxi;YUZHOU;???;450902
11;Guanxi;RONG;??;450921
11;Guanxi;LUCHUAN;???;450922
11;Guanxi;BOBAI;???;450923
11;Guanxi;XINGYE;???;450924
11;Guanxi;BEILIU;???;450981
11;Guanxi;PINGXIANG;???;452101
11;Guanxi;HENG;??;452122
11;Guanxi;BINYANG;???;452123
11;Guanxi;SHANGLIN;???;452124
11;Guanxi;LONGAN;???;452126
11;Guanxi;MASHAN;???;452127
11;Guanxi;FUSUI;???;452128
11;Guanxi;CHONGZUO;???;452129
11;Guanxi;DAXIN;???;452130
11;Guanxi;TIANDENG;???;452131
11;Guanxi;NINGMING;???;452132
11;Guanxi;LONGZHOU;???;452133
11;Guanxi;HESHAN;???;452201
11;Guanxi;LUZHAI;???;452223
11;Guanxi;XIANGZHOU;???;452224
11;Guanxi;WUXUAN;???;452225
11;Guanxi;LAIBIN;???;452226
11;Guanxi;RONGAN;???;452227
11;Guanxi;SANJIANGDONGZUZHZHIXIAN;???????;452228
11;Guanxi;RONGSHUIMIAOZUZHZHIXIAN;???????;452229
11;Guanxi;JINXIUYAOZUZHZHIXIAN;???????;452230
11;Guanxi;XINCHENG;???;452231
11;Guanxi;HEZHOU;???;452402
11;Guanxi;ZHAOPING;???;452424
11;Guanxi;ZHONGSHAN;???;452427
11;Guanxi;FUCHUANYAOZUZHZHIXIAN;???????;452428
11;Guanxi;BAISE;???;452601
11;Guanxi;TIANYANG;???;452622
11;Guanxi;TIANDONG;???;452623
11;Guanxi;PINGGUO;???;452624
11;Guanxi;DEBAO;???;452625
11;Guanxi;JINGXI;???;452626
11;Guanxi;NAPO;???;452627
11;Guanxi;LINGYUN;???;452628
11;Guanxi;LEYE;???;452629
11;Guanxi;TIANLIN;???;452630
11;Guanxi;LONGLINGEZUZHZHIXIAN;???????;452631
11;Guanxi;XILIN;???;452632
11;Guanxi;HECHI;???;452701
11;Guanxi;YIZHOU;???;452702
11;Guanxi;LUOCHENGMULAOZUZHZHIXIAN;????????;452723
11;Guanxi;HUANJIANGMAONANZUZHZHIXIAN;????????;452724
11;Guanxi;NANDAN;???;452725
11;Guanxi;TIANE;???;452726
11;Guanxi;FENGSHAN;???;452727
11;Guanxi;DONGLAN;???;452728
11;Guanxi;BAMAYAOZUZHZHIXIAN;???????;452729
11;Guanxi;DUANYAOZUZHZHIXIAN;???????;452730
11;Guanxi;DAHUAYAOZUZHZHIXIAN;???????;452731
12;Guangdong;DONGSHAN;???;440102
12;Guangdong;LIWAN;???;440103
12;Guangdong;YUEXIU;???;440104
12;Guangdong;HAIZHU;???;440105
12;Guangdong;TIANHE;???;440106
12;Guangdong;FANGCUN;???;440107
12;Guangdong;BAIYUN;???;440111
12;Guangdong;HUANGPU;???;440112
12;Guangdong;FANYU;???;440113
12;Guangdong;HUADU;???;440114
12;Guangdong;ZENGCHENG;???;440183
12;Guangdong;CONGHUA;???;440184
12;Guangdong;BEIJIANG;???;440202
12;Guangdong;WUJIANG;???;440203
12;Guangdong;ZHENJIANG;???;440204
12;Guangdong;QUJIANG;???;440221
12;Guangdong;SHIXING;???;440222
12;Guangdong;RENHUA;???;440224
12;Guangdong;WENGYUAN;???;440229
12;Guangdong;RUYUANYAOZUZIZHIXIAN;???????;440232
12;Guangdong;XINFENG;???;440233
12;Guangdong;LECHANG;???;440281
12;Guangdong;NANXIONG;???;440282
12;Guangdong;LUOHU;???;440303
12;Guangdong;FUTIAN;???;440304
12;Guangdong;NANSHAN;???;440305
12;Guangdong;BAOAN;???;440306
12;Guangdong;LONGGANG;???;440307
12;Guangdong;YANTIAN;???;440308
12;Guangdong;XIANGZHOU;???;440402
12;Guangdong;DOUMEN;???;440421
12;Guangdong;DAHAO;???;440506
12;Guangdong;LONGHU;???;440507
12;Guangdong;JINYUAN;???;440508
12;Guangdong;SHENGPING;???;440509
12;Guangdong;HEPU;???;440510
12;Guangdong;NANAO;???;440523
12;Guangdong;CHAOYANG;???;440582
12;Guangdong;CHENGHAI;???;440583
12;Guangdong;FOSHAN CHENGQU;????;440602
12;Guangdong;SHIWAN;???;440603
12;Guangdong;SHUNDE;???;440681
12;Guangdong;NANHAI;???;440682
12;Guangdong;SANSHUI;???;440683
12;Guangdong;GAOMING;???;440684
12;Guangdong;PENGJIANG;???;440703
12;Guangdong;JIANGHAI;???;440704
12;Guangdong;TAISHAN;???;440781
12;Guangdong;XINHUI;???;440782
12;Guangdong;KAIPING;???;440783
12;Guangdong;HESHAN;???;440784
12;Guangdong;ENPING;???;440785
12;Guangdong;CHIKAN;???;440802
12;Guangdong;XIASHAN;???;440803
12;Guangdong;POTOU;???;440804
12;Guangdong;MAZHANG;???;440811
12;Guangdong;SUIXI;???;440823
12;Guangdong;XUWEN;???;440825
12;Guangdong;LIANJIANG;???;440881
12;Guangdong;LEIZHOU;???;440882
12;Guangdong;WUCHUAN;???;440883
12;Guangdong;MAONAN;???;440902
12;Guangdong;DIANBAI;???;440923
12;Guangdong;GAOZHOU;???;440981
12;Guangdong;HUAZHOU;???;440982
12;Guangdong;XINYI;???;440983
12;Guangdong;DUANZHOU;???;441202
12;Guangdong;DINGHU;???;441203
12;Guangdong;GUANGNING;???;441223
12;Guangdong;HUAIJI;???;441224
12;Guangdong;FENGKAI;???;441225
12;Guangdong;DEQING;???;441226
12;Guangdong;GAOYAO;???;441283
12;Guangdong;SIHUI;???;441284
12;Guangdong;HUICHENG;???;441302
12;Guangdong;BOLUO;???;441322
12;Guangdong;HUIDONG;???;441323
12;Guangdong;LONGMEN;???;441324
12;Guangdong;HUIYANG;???;441381
12;Guangdong;MEIJIANG;???;441402
12;Guangdong;MEIXIAN;??;441421
12;Guangdong;DAPU;???;441422
12;Guangdong;FENGSHUN;???;441423
12;Guangdong;WUHUA;???;441424
12;Guangdong;PINGYUAN;???;441426
12;Guangdong;JIAOLING;???;441427
12;Guangdong;XINGNING;???;441481
12;Guangdong;SHANWEI CHENGQU;????;441502
12;Guangdong;HAIFENG;???;441521
12;Guangdong;LUHE;???;441523
12;Guangdong;LUFENG;???;441581
12;Guangdong;YUANCHENG;???;441602
12;Guangdong;ZIJIN;???;441621
12;Guangdong;LONGCHUAN;???;441622
12;Guangdong;LIANPING;???;441623
12;Guangdong;HEPING;???;441624
12;Guangdong;DONGYUAN;???;441625
12;Guangdong;JIANGCHENG;???;441702
12;Guangdong;YANGXI;???;441721
12;Guangdong;YANGDONG;???;441723
12;Guangdong;YANGCHUN;???;441781
12;Guangdong;QINGCHENG;???;441802
12;Guangdong;FOGANG;???;441821
12;Guangdong;YANGSHAN;???;441823
12;Guangdong;LIANSHANZHUANGZUYAOZUZIZHIXIAN;?????????;441825
12;Guangdong;LIANNANYAOZUZIZHIXIAN;???????;441826
12;Guangdong;QINGXIN;???;441827
12;Guangdong;YINGDE;???;441881
12;Guangdong;LIANZHOU;???;441882
12;Guangdong;DONGGUAN;???;441901
12;Guangdong;ZHONGZHAN;???;442001
12;Guangdong;XIANGQIAO;???;445102
12;Guangdong;CHAOAN;???;445121
12;Guangdong;RAOPING;???;445122
12;Guangdong;RONGCHENG;???;445202
12;Guangdong;JIEDONG;???;445221
12;Guangdong;JIEXI;???;445222
12;Guangdong;HUILAI;???;445224
12;Guangdong;PUNING;???;445281
12;Guangdong;YUNCHENG;???;445302
12;Guangdong;XINXING;???;445321
12;Guangdong;YUNAN;???;445322
12;Guangdong;YUNAN;???;445323
12;Guangdong;LUODING;???;445381
13;Hebei;CHANGAN;???;130102
13;Hebei;QIAODONG;???;130103
13;Hebei;QIAOXI;???;130104
13;Hebei;XINHUA;???;130105
13;Hebei;SHIJIAZHUANG JIAOQU;??????;130106
13;Hebei;JINGXINGKUANGQU;????;130107
13;Hebei;JINGXING;???;130121
13;Hebei;ZHENGDING;???;130123
13;Hebei;LUANCHENG;???;130124
13;Hebei;XINGTANG;???;130125
13;Hebei;LINGSHOU;???;130126
13;Hebei;GAOYI;???;130127
13;Hebei;SHENZE;???;130128
13;Hebei;ZANHUANG;???;130129
13;Hebei;WUJI;???;130130
13;Hebei;PINGSHAN;???;130131
13;Hebei;YUANSHI;???;130132
13;Hebei;ZHAOXIAN;??;130133
13;Hebei;XINJI;???;130181
13;Hebei;GAOCHENG;???;130182
13;Hebei;JINZHOU;???;130183
13;Hebei;XINLE;???;130184
13;Hebei;LUQUAN;???;130185
13;Hebei;LUNAN;???;130202
13;Hebei;LUBEI;???;130203
13;Hebei;GUYE;???;130204
13;Hebei;KAIPING;???;130205
13;Hebei;XINQU;??;130206
13;Hebei;FENGRUN;???;130221
13;Hebei;LUANXIAN;??;130223
13;Hebei;LUANNAN;???;130224
13;Hebei;LETING;???;130225
13;Hebei;QIANXI;???;130227
13;Hebei;YUTIAN;???;130229
13;Hebei;TANGHAI;???;130230
13;Hebei;ZUNHUA;???;130281
13;Hebei;FENGNAN;???;130282
13;Hebei;QIANAN;???;130283
13;Hebei;HAIGANG;???;130302
13;Hebei;SHANHAIGUAN;????;130303
13;Hebei;BEIDAIHE;????;130304
13;Hebei;QINGLONGMANZUZIZHIXIANXIAN;???????;130321
13;Hebei;CHANGLI;???;130322
13;Hebei;FUNING;???;130323
13;Hebei;LULONG;???;130324
13;Hebei;HANSHAN;???;130402
13;Hebei;CONGTAI;???;130403
13;Hebei;FUXING;???;130404
13;Hebei;FENGFENGKUANGQU;????;130406
13;Hebei;HANDAN;???;130421
13;Hebei;LINZHANG;???;130423
13;Hebei;CHENGAN;???;130424
13;Hebei;DAMING;???;130425
13;Hebei;SHEXIAN;??;130426
13;Hebei;CIXIAN;??;130427
13;Hebei;FEIXIANG;???;130428
13;Hebei;YONGNIAN;???;130429
13;Hebei;QIUXIAN;??;130430
13;Hebei;JIZE;???;130431
13;Hebei;GUANGPING;???;130432
13;Hebei;GUANTAO;???;130433
13;Hebei;WEIXIAN;??;130434
13;Hebei;QUZHOU;???;130435
13;Hebei;WUAN;???;130481
13;Hebei;QIAODONG;???;130502
13;Hebei;QIAOXI;???;130503
13;Hebei;XINGTAI;???;130521
13;Hebei;LINCHENG;???;130522
13;Hebei;NEIQIU;???;130523
13;Hebei;BAIXIANG;???;130524
13;Hebei;LONGYAO;???;130525
13;Hebei;RENXIAN;??;130526
13;Hebei;NANHE;???;130527
13;Hebei;NINGJIN;???;130528
13;Hebei;JULU;???;130529
13;Hebei;XINHE;???;130530
13;Hebei;GUANGZONG;???;130531
13;Hebei;PINGXIANG;???;130532
13;Hebei;WEIXIAN;??;130533
13;Hebei;QINGHE;???;130534
13;Hebei;LINXI;???;130535
13;Hebei;NANGONG;???;130581
13;Hebei;SHAHE;???;130582
13;Hebei;XINSHI;???;130602
13;Hebei;BEISHI;???;130603
13;Hebei;NANSHI;???;130604
13;Hebei;MANCHENG;???;130621
13;Hebei;QINGYUAN;???;130622
13;Hebei;LAISHUI;???;130623
13;Hebei;FUPING;???;130624
13;Hebei;XUSHUI;???;130625
13;Hebei;DINGXING;???;130626
13;Hebei;TANGXIAN;??;130627
13;Hebei;GAOYANG;???;130628
13;Hebei;RONGCHENG;???;130629
13;Hebei;LAIYUAN;???;130630
13;Hebei;WANGDU;???;130631
13;Hebei;ANXIN;???;130632
13;Hebei;YIXIAN;??;130633
13;Hebei;QUYANG;???;130634
13;Hebei;LIXIAN;??;130635
13;Hebei;SHUNPING;???;130636
13;Hebei;BOYE;???;130637
13;Hebei;XIONGXIAN;??;130638
13;Hebei;ZHUOZHOU;???;130681
13;Hebei;DINGZHOU;???;130682
13;Hebei;ANGUO;???;130683
13;Hebei;GAOBEIDIAN;????;130684
13;Hebei;QIAODONG;???;130702
13;Hebei;QIAOXI;???;130703
13;Hebei;XUANHUA;???;130705
13;Hebei;XIAHUAYUAN;????;130706
13;Hebei;XUANHUA;???;130721
13;Hebei;ZHANGBEI;???;130722
13;Hebei;KANGBAO;???;130723
13;Hebei;GUYUAN;???;130724
13;Hebei;SHANGYI;???;130725
13;Hebei;WEIXIAN;??;130726
13;Hebei;YANGYUAN;???;130727
13;Hebei;HUAIAN;???;130728
13;Hebei;WANQUAN;???;130729
13;Hebei;HUAILAI;???;130730
13;Hebei;ZHUOLU;???;130731
13;Hebei;CHICHENG;???;130732
13;Hebei;CHONGLI;???;130733
13;Hebei;SHUANGQIAO;???;130802
13;Hebei;SHUANGLUAN;???;130803
13;Hebei;YINGSHOUYINGZIKUANGQU;??????;130804
13;Hebei;CHENGDE;???;130821
13;Hebei;XINGLONG;???;130822
13;Hebei;PINGQUAN;???;130823
13;Hebei;LUANPING;???;130824
13;Hebei;LONGHUA;???;130825
13;Hebei;FENGNINGMANZUZIZHIXIAN;???????;130826
13;Hebei;KUANCHENGMANZUZIZHIXIAN;???????;130827
13;Hebei;WEICHANGMANZUMENGGUZUZIZHIXIAN;??????????;130828
13;Hebei;XINHUA;???;130902
13;Hebei;YUNHE;???;130903
13;Hebei;CANGXIAN;??;130921
13;Hebei;QINGXIAN;??;130922
13;Hebei;DONGGUANG;???;130923
13;Hebei;HAIXING;???;130924
13;Hebei;YANSHAN;???;130925
13;Hebei;SUNING;???;130926
13;Hebei;NANPI;???;130927
13;Hebei;WUQIAO;???;130928
13;Hebei;XIANXIAN;??;130929
13;Hebei;MENGCUNHUIZUZIZHIXIAN;???????;130930
13;Hebei;BOTOU;???;130981
13;Hebei;RENQIU;???;130982
13;Hebei;HUANGHUA;???;130983
13;Hebei;HEJIAN;???;130984
13;Hebei;ANCI;???;131002
13;Hebei;GUANGYANG;???;131003
13;Hebei;GUAN;???;131022
13;Hebei;YONGQING;???;131023
13;Hebei;XIANGHE;???;131024
13;Hebei;DACHENG;???;131025
13;Hebei;WENAN;???;131026
13;Hebei;DACHANGHUIZUZIZHIXIAN;???????;131028
13;Hebei;BAZHOU;???;131081
13;Hebei;SANHE;???;131082
13;Hebei;TAOCHENG;???;131102
13;Hebei;ZAOQIANG;???;131121
13;Hebei;WUYI;???;131122
13;Hebei;WUQIANG;???;131123
13;Hebei;RAOYANG;???;131124
13;Hebei;ANPING;???;131125
13;Hebei;GUCHENG;???;131126
13;Hebei;JINGXIAN;??;131127
13;Hebei;FUCHENG;???;131128
13;Hebei;JIZHOU;???;131181
13;Hebei;SHENZHOU;???;131182
14;Neimenggu;XINCHENGQU;???????;150102
14;Neimenggu;HUIMIN;???;150103
14;Neimenggu;YUQUAN;???;150104
14;Neimenggu;SAIHAN;???;150105
14;Neimenggu;TUMOTEZUO;?????;150121
14;Neimenggu;TUOKETUO;????;150122
14;Neimenggu;HELINGEER;?????;150123
14;Neimenggu;QINGSHUIHE;????;150124
14;Neimenggu;WUCHUAN;???;150125
14;Neimenggu;DONGHE;???;150202
14;Neimenggu;KUNDULUN;????;150203
14;Neimenggu;QINGSHAN;???;150204
14;Neimenggu;SHIGUAI;???;150205
14;Neimenggu;BAIYUNKUANGQU;????;150206
14;Neimenggu;JIUYUAN;???;150207
14;Neimenggu;TUMOTEYOU;?????;150221
14;Neimenggu;GUYANG;???;150222
14;Neimenggu;DAERHANMAOMINGANLIANHE;?????????;150223
14;Neimenggu;HAIBOWAN;????;150302
14;Neimenggu;HAINAN;???;150303
14;Neimenggu;WUDA;???;150304
14;Neimenggu;HONGSHAN;???;150402
14;Neimenggu;YUANBAOSHAN;????;150403
14;Neimenggu;SONGSHAN;???;150404
14;Neimenggu;ALUKEERQIN;??????;150421
14;Neimenggu;BALINZUO;????;150422
14;Neimenggu;BALINYOU;????;150423
14;Neimenggu;LINXI;???;150424
14;Neimenggu;KESHENKETENG;?????;150425
14;Neimenggu;WENGNIUTE;????;150426
14;Neimenggu;KALAQIN;????;150428
14;Neimenggu;NINGCHENG;???;150429
14;Neimenggu;AOHAN;???;150430
14;Neimenggu;KEERQIN;????;150502
14;Neimenggu;KEERQINZUOYIZHONG;???????;150521
14;Neimenggu;KEERQINZUOYIHOU;???????;150522
14;Neimenggu;KAILU;???;150523
14;Neimenggu;KULUN;???;150524
14;Neimenggu;NAIMAN;???;150525
14;Neimenggu;ZHALUTE;????;150526
14;Neimenggu;HUOLINGUOLE;?????;150581
14;Neimenggu;HAILAER;????;152101
14;Neimenggu;MANZHOULI;????;152102
14;Neimenggu;ZHALANTUN;????;152103
14;Neimenggu;YAKESHI;????;152104
14;Neimenggu;GENHE;???;152105
14;Neimenggu;EERGUNA;?????;152106
14;Neimenggu;ARONG;???;152122
14;Neimenggu;MOLIDAWADAWOERZUZIZHIQI;???????????;152123
14;Neimenggu;ELUNCHUNZIZHIQI;??????;152127
14;Neimenggu;EWENKEZUZIZHIQI;???????;152128
14;Neimenggu;XINBAERHUYOU;??????;152129
14;Neimenggu;XINBAERHUZUO;??????;152130
14;Neimenggu;CHENBAERHU;?????;152131
14;Neimenggu;WULANHAOTE;?????;152201
14;Neimenggu;AERSHAN;????;152202
14;Neimenggu;KEERQINYOUYIQIAN;???????;152221
14;Neimenggu;KEERQINYOUYIZHONG;???????;152222
14;Neimenggu;ZHALAITE;????;152223
14;Neimenggu;TUQUAN;???;152224
14;Neimenggu;ERLIANHAOTE;?????;152501
14;Neimenggu;XILINHAOTE;?????;152502
14;Neimenggu;ABAGA;????;152522
14;Neimenggu;SUNITEZUO;?????;152523
14;Neimenggu;SUNITEYOU;?????;152524
14;Neimenggu;DONGWUZHUMUQIN;??????;152525
14;Neimenggu;XIWUZHUMUQIN;??????;152526
14;Neimenggu;TAIPUSI;????;152527
14;Neimenggu;XIANGHUANG;???;152528
14;Neimenggu;ZHENGXIANGBAI;????;152529
14;Neimenggu;ZHENGLAN;???;152530
14;Neimenggu;DUOLUN;???;152531
14;Neimenggu;JINING;???;152601
14;Neimenggu;FENGZHEN;???;152602
14;Neimenggu;ZHUOZI;???;152624
14;Neimenggu;HUADE;???;152625
14;Neimenggu;SHANGDU;???;152626
14;Neimenggu;XINGHE;???;152627
14;Neimenggu;LIANGCHENG;???;152629
14;Neimenggu;CHAHAERYOUYIQIAN;???????;152630
14;Neimenggu;CHAHAERYOUYIZHONG;???????;152631
14;Neimenggu;CHAHAERYOUYIHOU;???????;152632
14;Neimenggu;SIZIWANG;????;152634
14;Neimenggu;DONGSHENG;???;152701
14;Neimenggu;DALATE;????;152722
14;Neimenggu;ZHUNGEER;????;152723
14;Neimenggu;ETUOKEQIAN;?????;152724
14;Neimenggu;ETUOKE;????;152725
14;Neimenggu;HANGJIN;???;152726
14;Neimenggu;WUSHEN;???;152727
14;Neimenggu;YIJINHUOLUO;?????;152728
14;Neimenggu;LINHE;???;152801
14;Neimenggu;WUYUAN;???;152822
14;Neimenggu;DENGKOU;???;152823
14;Neimenggu;WULATEQIAN;?????;152824
14;Neimenggu;WULATEZHONG;?????;152825
14;Neimenggu;WULATEHOU;?????;152826
14;Neimenggu;HANGJINHOU;????;152827
14;Neimenggu;ALASHA NZUO;?????;152921
14;Neimenggu;ALASHANYOU;?????;152922
14;Neimenggu;EJINA;????;152923
15;Fujian;GULOU;???;350102
15;Fujian;TAIJIANG;???;350103
15;Fujian;CANGSHAN;???;350104
15;Fujian;MAWEI;???;350105
15;Fujian;JINAN;???;350111
15;Fujian;MINHOU;???;350121
15;Fujian;LIANJIANG;???;350122
15;Fujian;LUOYUAN;???;350123
15;Fujian;MINQING;???;350124
15;Fujian;YONGTAI;???;350125
15;Fujian;PINGTAN;???;350128
15;Fujian;FUQING;???;350181
15;Fujian;CHANGLE;???;350182
15;Fujian;GULANGYU;????;350202
15;Fujian;SIMING;???;350203
15;Fujian;KAIYUAN;???;350204
15;Fujian;XINGLIN;???;350205
15;Fujian;HULI;???;350206
15;Fujian;JIMEI;???;350211
15;Fujian;TONGAN;???;350212
15;Fujian;CHENGXIANG;???;350302
15;Fujian;HANJIANG;???;350303
15;Fujian;PUTIAN;???;350321
15;Fujian;XIANYOU;???;350322
15;Fujian;MEILIE;???;350402
15;Fujian;SANYUAN;???;350403
15;Fujian;MINGXI;???;350421
15;Fujian;QINGLIU;???;350423
15;Fujian;NINGHUA;???;350424
15;Fujian;DATIAN;???;350425
15;Fujian;YOUXI;???;350426
15;Fujian;SHAXIAN;??;350427
15;Fujian;JIANGLE;???;350428
15;Fujian;TAINING;???;350429
15;Fujian;JIANNING;???;350430
15;Fujian;YONGAN;???;350481
15;Fujian;LICHENG;???;350502
15;Fujian;FENGZE;???;350503
15;Fujian;LUOJIANG;???;350504
15;Fujian;QUANGANG;???;350505
15;Fujian;HUIAN;???;350521
15;Fujian;ANXI;???;350524
15;Fujian;YONGCHUN;???;350525
15;Fujian;DEHUA;???;350526
15;Fujian;SHISHI;???;350581
15;Fujian;JINJIANG;???;350582
15;Fujian;NANAN;???;350583
15;Fujian;XIANGCHENG;???;350602
15;Fujian;LONGWEN;???;350603
15;Fujian;YUNXIAO;???;350622
15;Fujian;ZHANGPU;???;350623
15;Fujian;ZHAOAN;???;350624
15;Fujian;CHANGTAI;???;350625
15;Fujian;DONGSHAN;???;350626
15;Fujian;NANJING;???;350627
15;Fujian;PINGHE;???;350628
15;Fujian;HUAAN;???;350629
15;Fujian;LONGHAI;???;350681
15;Fujian;YANPING;???;350702
15;Fujian;SHUNCHANG;???;350721
15;Fujian;PUCHENG;???;350722
15;Fujian;GUANGZE;???;350723
15;Fujian;SONGXI;???;350724
15;Fujian;ZHENGHE;???;350725
15;Fujian;SHAOWU;???;350781
15;Fujian;WUYISHAN;????;350782
15;Fujian;JIANOU;???;350783
15;Fujian;JIANYANG;???;350784
15;Fujian;XINLUO;???;350802
15;Fujian;CHANGTING;???;350821
15;Fujian;YONGDING;???;350822
15;Fujian;SHANGHANG;???;350823
15;Fujian;WUPING;???;350824
15;Fujian;LIANCHENG;???;350825
15;Fujian;ZHANGPING;???;350881
15;Fujian;JIAOCHENG;???;350902
15;Fujian;XIAPU;???;350921
15;Fujian;GUTIAN;???;350922
15;Fujian;PINGNAN;???;350923
15;Fujian;SHOUNING;???;350924
15;Fujian;ZHOUNING;???;350925
15;Fujian;ZHERONG;???;350926
15;Fujian;FUAN;???;350981
15;Fujian;FUDING;???;350982
16;Henan;ZHONGYUANQU;???;410102
16;Henan;ERQIQU;???;410103
16;Henan;GUANCHENGHUIZUQU;?????;410104
16;Henan;JINSHUIQU;???;410105
16;Henan;SHANGJIEQU;???;410106
16;Henan;MANGSHANQU;???;410108
16;Henan;ZHONGMU;???;410122
16;Henan;GONGYI;???;410181
16;Henan;XINGYANG;???;410182
16;Henan;XINMI;???;410183
16;Henan;XINZHENG;???;410184
16;Henan;DENGFENG;???;410185
16;Henan;LONGTINGQU;???;410202
16;Henan;SHUNHEHUIZUQU;?????;410203
16;Henan;GULOUQU;???;410204
16;Henan;NANGUANQU;???;410205
16;Henan;KAIFENG JIAOQU;????;410211
16;Henan;QIXIAN;??;410221
16;Henan;TONGXU;???;410222
16;Henan;WEISHI;???;410223
16;Henan;KAIFENG;???;410224
16;Henan;LANKAO;???;410225
16;Henan;LUOYANGLAOCHENGQU;?????;410302
16;Henan;XIGONGQU;???;410303
16;Henan;CHANHEHUIZUQU;?????;410304
16;Henan;JIANXIQU;???;410305
16;Henan;JILIQU;???;410306
16;Henan;LUOLONGQU;???;410307
16;Henan;MENGJIN;???;410322
16;Henan;XINAN;???;410323
16;Henan;LUANCHUAN;???;410324
16;Henan;SONGXIAN;??;410325
16;Henan;RUYANG;???;410326
16;Henan;YIYANG;???;410327
16;Henan;LUONING;???;410328
16;Henan;YICHUAN;???;410329
16;Henan;YANSHI;???;410381
16;Henan;XINHUAQU;???;410402
16;Henan;WEIDONGQU;???;410403
16;Henan;SHILONGQU;???;410404
16;Henan;ZHANHEQU;???;410411
16;Henan;BAOFENG;???;410421
16;Henan;YEXIAN;??;410422
16;Henan;LUSHAN;???;410423
16;Henan;JIAXIAN;??;410425
16;Henan;WUGANG;???;410481
16;Henan;RUZHOU;???;410482
16;Henan;WENFENGQU;???;410502
16;Henan;BEIGUANQU;???;410503
16;Henan;TIEXIQU;???;410504
16;Henan;ANYANG JIAOQU;????;410511
16;Henan;ANYANG;???;410522
16;Henan;TANGYIN;???;410523
16;Henan;HUAXIAN;??;410526
16;Henan;NEIHUANG;???;410527
16;Henan;LINZHOU;???;410581
16;Henan;HESHANQU;???;410602
16;Henan;HEBI SHANCHENGQU;?????;410603
16;Henan;HEBI JIAOQU;????;410611
16;Henan;JUNXIAN;??;410621
16;Henan;QIXIAN;??;410622
16;Henan;HONGQIQU;???;410702
16;Henan;XINHUAQU;???;410703
16;Henan;BEIZHANQU;???;410704
16;Henan;XINXIANG JIAOQU;????;410711
16;Henan;XINXIANG;???;410721
16;Henan;HUOJIA;???;410724
16;Henan;YUANYANG;???;410725
16;Henan;YANJIN;???;410726
16;Henan;FENGQIU;???;410727
16;Henan;CHANGYUAN;???;410728
16;Henan;WEIHUI;???;410781
16;Henan;HUIXIAN;???;410782
16;Henan;JIEFANGQU;???;410802
16;Henan;ZHONGZHANQU;???;410803
16;Henan;MACUNQU;???;410804
16;Henan;SHANYANGQU;???;410811
16;Henan;XIUWU;???;410821
16;Henan;BOAI;???;410822
16;Henan;WUZHI;???;410823
16;Henan;WENXIAN;??;410825
16;Henan;JIYUAN;???;410881
16;Henan;QINYANG;???;410882
16;Henan;MENGZHOU;???;410883
16;Henan;DISTRICTS;??;410902
16;Henan;QINGFENG;???;410922
16;Henan;NANLE;???;410923
16;Henan;FANXIAN;??;410926
16;Henan;TAIQIAN;???;410927
16;Henan;PUYANG;???;410928
16;Henan;WEIDUQU;???;411002
16;Henan;XUCHANG;???;411023
16;Henan;YANLING;???;411024
16;Henan;XIANGCHENG;???;411025
16;Henan;YUZHOU;???;411081
16;Henan;CHANGGE;???;411082
16;Henan;YUANHUIQU;???;411102
16;Henan;WUYANG;???;411121
16;Henan;LINYING;???;411122
16;Henan;YANCHENG;???;411123
16;Henan;HUBINQU;???;411202
16;Henan;MIANCHI;???;411221
16;Henan;SHANXIAN;??;411222
16;Henan;LUSHI;???;411224
16;Henan;YIMA;???;411281
16;Henan;LINGBAO;???;411282
16;Henan;WANCHENGQU;???;411302
16;Henan;WOLONGQU;???;411303
16;Henan;NANZHAO;???;411321
16;Henan;FANGCHENG;???;411322
16;Henan;XIXIA;???;411323
16;Henan;ZHENPING;???;411324
16;Henan;NEIXIANG;???;411325
16;Henan;XICHUAN;???;411326
16;Henan;SHEQI;???;411327
16;Henan;TANGHE;???;411328
16;Henan;XINYE;???;411329
16;Henan;TONGBAI;???;411330
16;Henan;DENGZHOU;???;411381
16;Henan;LIANGYUANQU;???;411402
16;Henan;SUIYANGQU;???;411403
16;Henan;MINQUAN;???;411421
16;Henan;SUIXIAN;??;411422
16;Henan;NINGLING;???;411423
16;Henan;ZHECHENG;???;411424
16;Henan;YUCHENG;???;411425
16;Henan;XIAYI;???;411426
16;Henan;YONGCHENG;???;411481
16;Henan;SHIHEQU;???;411502
16;Henan;PINQIAOQU;???;411503
16;Henan;LUOSHAN;???;411521
16;Henan;GUANGSHAN;???;411522
16;Henan;XINXIAN;??;411523
16;Henan;SHANGCHENG;???;411524
16;Henan;GUSHI;???;411525
16;Henan;HUANGCHUAN;???;411526
16;Henan;HUAIBIN;???;411527
16;Henan;XIXIAN;??;411528
16;Henan;CHUANHUIQU;???;411602
16;Henan;FUGOU;???;411621
16;Henan;XIHUA;???;411622
16;Henan;SHANGSHUI;???;411623
16;Henan;SHENQIU;???;411624
16;Henan;DANCHENG;???;411625
16;Henan;HUAIYANG;???;411626
16;Henan;TAIKANG;???;411627
16;Henan;LUYI;???;411628
16;Henan;XIANGCHENG;???;411681
16;Henan;YICHENGQU;???;411702
16;Henan;XIPING;???;411721
16;Henan;SHANGCAI;???;411722
16;Henan;PINGYU;???;411723
16;Henan;ZHENGYANG;???;411724
16;Henan;QUESHAN;???;411725
16;Henan;MIYANG;???;411726
16;Henan;RUNAN;???;411727
16;Henan;SUIPING;???;411728
16;Henan;XINCAI;???;411729
17;Lianoning;HEPING;???;210102
17;Lianoning;SHENHE;???;210103
17;Lianoning;DADONG;???;210104
17;Lianoning;HUANGGU;???;210105
17;Lianoning;TIEXI;???;210106
17;Lianoning;SUJIATUN;????;210111
17;Lianoning;DONGLING;???;210112
17;Lianoning;XINCHENGZI;????;210113
17;Lianoning;YUHONG;???;210114
17;Lianoning;LIAOZHONG;???;210122
17;Lianoning;KANGPING;???;210123
17;Lianoning;FAKU;???;210124
17;Lianoning;XINMIN;???;210181
17;Lianoning;ZHONGSHAN;???;210202
17;Lianoning;XIGANG;???;210203
17;Lianoning;SHAHEKOU;????;210204
17;Lianoning;GANJINGZI;????;210211
17;Lianoning;LVSHUNKOU;????;210212
17;Lianoning;JINZHOU;???;210213
17;Lianoning;CHANGHAI;???;210224
17;Lianoning;WAFANGDIAN;????;210281
17;Lianoning;PULANDIAN;????;210282
17;Lianoning;ZHUANGHE;???;210283
17;Lianoning;TIEDONG;???;210302
17;Lianoning;TIEXI;???;210303
17;Lianoning;LISHAN;???;210304
17;Lianoning;QIANSHAN;???;210311
17;Lianoning;TAIAN;???;210321
17;Lianoning;XIUYANMANZUZIZHIXIAN;???????;210323
17;Lianoning;HAICHENG;???;210381
17;Lianoning;XINFU;???;210402
17;Lianoning;DONGZHOU;???;210403
17;Lianoning;WANGHUA;???;210404
17;Lianoning;SHUNCHENG;???;210411
17;Lianoning;FUSHUN;???;210421
17;Lianoning;XINBINMANZUZIZHIXIAN;???????;210422
17;Lianoning;QINGYUANMANZUZIZHIXIAN;???????;210423
17;Lianoning;PINGSHAN;???;210502
17;Lianoning;XIHU;???;210503
17;Lianoning;MINGSHAN;???;210504
17;Lianoning;NANFEN;???;210505
17;Lianoning;BENXIMANZUZIZHIXIAN;???????;210521
17;Lianoning;HUANRENMANZUZIZHIXIAN;???????;210522
17;Lianoning;YUANBAO;???;210602
17;Lianoning;ZHENXING;???;210603
17;Lianoning;ZHENAN;???;210604
17;Lianoning;KUANDIANMANZUZIZHIXIAN;???????;210624
17;Lianoning;DONGGANG;???;210681
17;Lianoning;FENGCHENG;???;210682
17;Lianoning;GUTA;???;210702
17;Lianoning;LINGHE;???;210703
17;Lianoning;TAIHE;???;210711
17;Lianoning;HEISHAN;???;210726
17;Lianoning;YIXIAN;??;210727
17;Lianoning;LINGHAI;???;210781
17;Lianoning;BEINING;???;210782
17;Lianoning;ZHANQIAN;???;210802
17;Lianoning;XISHI;???;210803
17;Lianoning;BAYUQUAN;????;210804
17;Lianoning;LAOBIAN;???;210811
17;Lianoning;GAIZHOU;???;210881
17;Lianoning;DASHIQIAO;????;210882
17;Lianoning;HAIZHOU;???;210902
17;Lianoning;XINQIU;???;210903
17;Lianoning;TAIPING;???;210904
17;Lianoning;QINGHEMEN;????;210905
17;Lianoning;XIHE;???;210911
17;Lianoning;FUXINMENGGUZUZIZHIXIAN;????????;210921
17;Lianoning;ZHANGWU;???;210922
17;Lianoning;BAITA;???;211002
17;Lianoning;WENSHENG;???;211003
17;Lianoning;HONGWEI;???;211004
17;Lianoning;GONGCHANGLING;????;211005
17;Lianoning;TAIZIHE;????;211011
17;Lianoning;LIAOYANG;???;211021
17;Lianoning;DENGTA;???;211081
17;Lianoning;SHUANGTAIZI;????;211102
17;Lianoning;XINGLONGTAI;????;211103
17;Lianoning;DAWA;???;211121
17;Lianoning;PANSHAN;???;211122
17;Lianoning;YINZHOU;???;211202
17;Lianoning;QINGHE;???;211204
17;Lianoning;TIELING;???;211221
17;Lianoning;XIFENG;???;211223
17;Lianoning;CHANGTU;???;211224
17;Lianoning;TIEFA;???;211281
17;Lianoning;KAIYUAN;???;211282
17;Lianoning;SHUANGTA;???;211302
17;Lianoning;LONGCHENG;???;211303
17;Lianoning;CHAOYANG;???;211321
17;Lianoning;JIANPING;???;211322
17;Lianoning;KALAQINZUOYIMENGGUZUZIZHIXIAN;???????????;211324
17;Lianoning;BEIPIAO;???;211381
17;Lianoning;LINGYUAN;???;211382
17;Lianoning;LIANSHAN;???;211402
17;Lianoning;LONGGANG;???;211403
17;Lianoning;NANPIAO;???;211404
17;Lianoning;SUIZHONG;???;211421
17;Lianoning;JIANCHANG;???;211422
17;Lianoning;XINGCHENG;???;211481
18;Hainan;TONGSHEN;???;469001
18;Hainan;QIONGHAI;???;469002
18;Hainan;DANZHOU;???;469003
18;Hainan;QIONGSHAN;???;469004
18;Hainan;WENCHANG;???;469005
18;Hainan;WANNING;???;469006
18;Hainan;DONGFANG;???;469007
18;Hainan;DINGAN;???;469025
18;Hainan;TUNCHANG;???;469026
18;Hainan;CHENGMAI;???;469027
18;Hainan;LINGAO;???;469028
18;Hainan;BAISHALIZUZHZHIXIAN;???????;469030
18;Hainan;CHANGJIANGLIZUZHZHIXIAN;???????;469031
18;Hainan;LEDONGLIZUZHZHIXIAN;???????;469033
18;Hainan;LINGSHUILIZUZHZHIXIAN;???????;469034
18;Hainan;BAOTINGLIZUMIAOZUZHZHIXIAN;?????????;469035
18;Hainan;QIONGZHONGLIZUMIAOZUZHZHIXIAN;?????????;469036
18;Hainan;XISHAQUNDAO;????;469037
18;Hainan;NANSHAQUNDAO;????;469038
18;Hainan;ZHONGSHAQUNDAODEDAOJIAOJIQIHAIYU;???????????;469039
18;Hainan;ZHENDONG;???;460102
18;Hainan;XINHUA;???;460103
18;Hainan;XIUYING;???;460104
18;Hainan;SANYA;???;460201
19;Shanxi;XIAODIAN;???;140105
19;Shanxi;YINGZE;???;140106
19;Shanxi;XINGHUALING;????;140107
19;Shanxi;JIANCAOPING;????;140108
19;Shanxi;WANBAILIN;????;140109
19;Shanxi;JINYUAN;???;140110
19;Shanxi;QINGXU;???;140121
19;Shanxi;YANGQU;???;140122
19;Shanxi;LOUFAN;???;140123
19;Shanxi;GUJIAO;???;140181
19;Shanxi;DATONG CHENGQU;?????;140202
19;Shanxi;DATONG KUANGQU;?????;140203
19;Shanxi;DATONG NANJIAOQU;?????;140211
19;Shanxi;XINRONG;???;140212
19;Shanxi;YANGGAO;???;140221
19;Shanxi;TIANZHEN;???;140222
19;Shanxi;GUANGLING;???;140223
19;Shanxi;LINGQIU;???;140224
19;Shanxi;HUNYUAN;???;140225
19;Shanxi;ZUOYUN;???;140226
19;Shanxi;DATONG;???;140227
19;Shanxi;YANGQUAN CHENG;?????;140302
19;Shanxi;YANGQUAN KUANGQU;?????;140303
19;Shanxi;YANGQUAN JIAOQU;?????;140311
19;Shanxi;PINGDING;???;140321
19;Shanxi;YUXIAN;??;140322
19;Shanxi;CHANGZHI CHENGQU;?????;140402
19;Shanxi;CHANGZHI JIAOQU;?????;140411
19;Shanxi;CHANGZHI;???;140421
19;Shanxi;XIANGYUAN;???;140423
19;Shanxi;TUNLIU;???;140424
19;Shanxi;PINGSHUN;???;140425
19;Shanxi;LICHENG;???;140426
19;Shanxi;HUGUAN;???;140427
19;Shanxi;CHANGZI;???;140428
19;Shanxi;WUXIANG;???;140429
19;Shanxi;QINXIAN;??;140430
19;Shanxi;QINYUAN;???;140431
19;Shanxi;LUCHENG;???;140481
19;Shanxi;JINCHENG CHENGQU;????;140502
19;Shanxi;QINSHUI;???;140521
19;Shanxi;YANGCHENG;???;140522
19;Shanxi;LINGCHUAN;???;140524
19;Shanxi;ZEZHOU;???;140525
19;Shanxi;GAOPING;???;140581
19;Shanxi;SHUOCHENG;???;140602
19;Shanxi;PINGLU;???;140603
19;Shanxi;SHANYIN;???;140621
19;Shanxi;YINGXIAN;??;140622
19;Shanxi;YOUYU;???;140623
19;Shanxi;HUAIREN;???;140624
19;Shanxi;YUCI;???;140702
19;Shanxi;YUSHE;???;140721
19;Shanxi;ZUOQUAN;???;140722
19;Shanxi;HESHUN;???;140723
19;Shanxi;XIYANG;???;140724
19;Shanxi;SHOUYANG;???;140725
19;Shanxi;TAIGU;???;140726
19;Shanxi;QIXIAN;??;140727
19;Shanxi;PINGYAO;???;140728
19;Shanxi;LINGSHI;???;140729
19;Shanxi;JIEXIU;???;140781
19;Shanxi;YANHU;???;140802
19;Shanxi;LINYI;???;140821
19;Shanxi;WANRONG;???;140822
19;Shanxi;WENXI;???;140823
19;Shanxi;JISHAN;???;140824
19;Shanxi;XINJIANG;???;140825
19;Shanxi;JIANGXIAN;??;140826
19;Shanxi;YUANQU;???;140827
19;Shanxi;XIAXIAN;??;140828
19;Shanxi;PINGLU;???;140829
19;Shanxi;RUICHENG;???;140830
19;Shanxi;YONGJI;???;140881
19;Shanxi;HEJIN;???;140882
19;Shanxi;XINFU;???;140902
19;Shanxi;DINGXIANG;???;140921
19;Shanxi;WUTAI;???;140922
19;Shanxi;DAIXIAN;??;140923
19;Shanxi;FANZHI;???;140924
19;Shanxi;NINGWU;???;140925
19;Shanxi;JINGLE;???;140926
19;Shanxi;SHENCHI;???;140927
19;Shanxi;WUZHAI;???;140928
19;Shanxi;KELAN;???;140929
19;Shanxi;HEQU;???;140930
19;Shanxi;BAODE;???;140931
19;Shanxi;PIANGUAN;???;140932
19;Shanxi;YUANPING;???;140981
19;Shanxi;YAODU;???;141002
19;Shanxi;QUWO;???;141021
19;Shanxi;YICHENG;???;141022
19;Shanxi;XIANGFEN;???;141023
19;Shanxi;HONGDONG;???;141024
19;Shanxi;GUXIAN;??;141025
19;Shanxi;ANZE;???;141026
19;Shanxi;FUSHAN;???;141027
19;Shanxi;JIXIAN;??;141028
19;Shanxi;XIANGNING;???;141029
19;Shanxi;DANING;???;141030
19;Shanxi;XIXIAN;??;141031
19;Shanxi;YONGHE;???;141032
19;Shanxi;PUXIAN;??;141033
19;Shanxi;FENXI;???;141034
19;Shanxi;HOUMA;???;141081
19;Shanxi;HUOZHOU;???;141082
19;Shanxi;XIAOYI;???;142301
19;Shanxi;LISHI;???;142302
19;Shanxi;FENYANG;???;142303
19;Shanxi;WENSHUI;???;142322
19;Shanxi;JIAOCHENG;???;142323
19;Shanxi;XINGXIAN;??;142325
19;Shanxi;LINXIAN;??;142326
19;Shanxi;LIULIN;???;142327
19;Shanxi;SHILOU;???;142328
19;Shanxi;LANXIAN;??;142329
19;Shanxi;FANGSHAN;???;142330
19;Shanxi;ZHONGYANG;???;142332
19;Shanxi;JIAOKOU;???;142333
20;Ningxia;CHENGQU;????;640102
20;Ningxia;YINCHUAN XINCHENGQU;?????;640103
20;Ningxia;YINCHUAN JIAOQU;????;640111
20;Ningxia;YONGNING;???;640121
20;Ningxia;HELAN;???;640122
20;Ningxia;DAWUKOU;????;640202
20;Ningxia;SHIZUISHAN;????;640203
20;Ningxia;SHITANJING;????;640204
20;Ningxia;PINGLUO;???;640221
20;Ningxia;TAOLE;???;640222
20;Ningxia;HUINONG;???;640223
20;Ningxia;LITONG;???;640302
20;Ningxia;HONGSIBAO;????;640303
20;Ningxia;ZHONGWEI;???;640321
20;Ningxia;ZHONGNING;???;640322
20;Ningxia;YANCHI;???;640323
20;Ningxia;TONGXIN;???;640324
20;Ningxia;QINGTONGXIA;????;640381
20;Ningxia;LINGWU;???;640382
20;Ningxia;GUYUAN;???;642221
20;Ningxia;HAIYUAN;???;642222
20;Ningxia;XIJI;???;642223
20;Ningxia;LONGDE;???;642224
20;Ningxia;JINGYUAN;???;642225
20;Ningxia;PENGYANG;???;642226
21;Xinjiang;TIANSHAN;???;650102
21;Xinjiang;SHAYIBAKE;?????;650103
21;Xinjiang;WULUMUQI XINSHIQU;???????;650104
21;Xinjiang;SHUIMOGOU;????;650105
21;Xinjiang;TOUTUNHE;????;650106
21;Xinjiang;NANQUAN;???;650107
21;Xinjiang;DONGSHAN;???;650108
21;Xinjiang;WULUMUQI XIAN;?????;650121
21;Xinjiang;DUSHANZI;????;650202
21;Xinjiang;KELAMAYI;?????;650203
21;Xinjiang;BAIJIANTAN;????;650204
21;Xinjiang;WUERHE;????;650205
21;Xinjiang;TULUFAN;????;652101
21;Xinjiang;SHANSHAN;???;652122
21;Xinjiang;TUOKEXUN;????;652123
21;Xinjiang;HAMI;???;652201
21;Xinjiang;BALIKUNHASAKEZIZHIXIAN;?????????;652222
21;Xinjiang;YIWU;???;652223
21;Xinjiang;CHANGJI;???;652301
21;Xinjiang;FUKANG;???;652302
21;Xinjiang;MIQUAN;???;652303
21;Xinjiang;HUTUBI;????;652323
21;Xinjiang;MANASI;????;652324
21;Xinjiang;JITAI;???;652325
21;Xinjiang;JIMUSAER;?????;652327
21;Xinjiang;MULEIHASAKEZIZHIXIAN;????????;652328
21;Xinjiang;BOLE;???;652701
21;Xinjiang;JINGHE;???;652722
21;Xinjiang;WENQUAN;???;652723
21;Xinjiang;KUERLE;????;652801
21;Xinjiang;LUNTAI;???;652822
21;Xinjiang;WEILI;???;652823
21;Xinjiang;RUOQIANG;???;652824
21;Xinjiang;QIEMO;???;652825
21;Xinjiang;YANQIHUIZUZIZHIXIAN;???????;652826
21;Xinjiang;HEJING;???;652827
21;Xinjiang;HESHUO;???;652828
21;Xinjiang;BOHU;???;652829
21;Xinjiang;AKESU;????;652901
21;Xinjiang;WENSU;???;652922
21;Xinjiang;KUCHE;???;652923
21;Xinjiang;SHAYA;???;652924
21;Xinjiang;XINHE;???;652925
21;Xinjiang;BAICHENG;???;652926
21;Xinjiang;WUSHEN;???;652927
21;Xinjiang;AWATI;????;652928
21;Xinjiang;KEPING;???;652929
21;Xinjiang;ATUSHEN;????;653001
21;Xinjiang;AKETAO;????;653022
21;Xinjiang;AHEJI;????;653023
21;Xinjiang;WUQIA;???;653024
21;Xinjiang;KASHEN;???;653101
21;Xinjiang;SHUFU;???;653121
21;Xinjiang;SHULE;???;653122
21;Xinjiang;YINGJISHA;????;653123
21;Xinjiang;ZEPU;???;653124
21;Xinjiang;SHACHE;???;653125
21;Xinjiang;YECHENG;???;653126
21;Xinjiang;MAIGAITI;????;653127
21;Xinjiang;YUEPUHU;????;653128
21;Xinjiang;JIASHI;???;653129
21;Xinjiang;BACHU;???;653130
21;Xinjiang;TASHENKUERGANTAJIKEZIZHIXIAN;???????????;653131
21;Xinjiang;HETIAN;???;653201
21;Xinjiang;HETIAN;???;653221
21;Xinjiang;MOYU;???;653222
21;Xinjiang;PISHAN;???;653223
21;Xinjiang;LUOPU;???;653224
21;Xinjiang;CELE;???;653225
21;Xinjiang;YUTIAN;???;653226
21;Xinjiang;MINFENG;???;653227
21;Xinjiang;KUITUN;???;654001
21;Xinjiang;YINING;???;654101
21;Xinjiang;YINING;???;654121
21;Xinjiang;CHABUCHAERXIBOZIZHIXIAN;?????????;654122
21;Xinjiang;HUOCHENG;???;654123
21;Xinjiang;GONGLIU;???;654124
21;Xinjiang;XINYUAN;???;654125
21;Xinjiang;ZHAOSU;???;654126
21;Xinjiang;TEKESI;????;654127
21;Xinjiang;NILEKE;????;654128
21;Xinjiang;TACHENG;???;654201
21;Xinjiang;WUSU;???;654202
21;Xinjiang;EMIN;???;654221
21;Xinjiang;SHAWAN;???;654223
21;Xinjiang;TUOLI;???;654224
21;Xinjiang;YUMIN;???;654225
21;Xinjiang;HEBUKESAIERMENGGUZIZHIXIAN;??????????;654226
21;Xinjiang;ALETAI;????;654301
21;Xinjiang;BUERJIN;????;654321
21;Xinjiang;FUYUN;???;654322
21;Xinjiang;FUHAI;???;654323
21;Xinjiang;HABAHE;????;654324
21;Xinjiang;QINGHE;???;654325
21;Xinjiang;JIMUNAI;????;654326
21;Xinjiang;SHIHEZI;????;659001
22;Guizhou;NANMING;???;520102
22;Guizhou;YUNYAN;???;520103
22;Guizhou;HUAXI;???;520111
22;Guizhou;WUDANG;???;520112
22;Guizhou;BAIYUN;???;520113
22;Guizhou;XIAOHE;???;520114
22;Guizhou;KAIYANG;???;520121
22;Guizhou;XIFENG;???;520122
22;Guizhou;XIUWEN;???;520123
22;Guizhou;QINGZHEN;???;520181
22;Guizhou;ZHONGSHAN;???;520201
22;Guizhou;LIUZHITE;????;520203
22;Guizhou;SHUICHENG;???;520221
22;Guizhou;PAN;??;520222
22;Guizhou;HONGHUAGANG;????;520302
22;Guizhou;ZUNYI;???;520321
22;Guizhou;TONGZI;???;520322
22;Guizhou;SUIYANG;???;520323
22;Guizhou;ZHENGAN;???;520324
22;Guizhou;DAOZHENGELAOZUMIAOZUZHZHIXIAN;??????????;520325
22;Guizhou;WUCHUANGELAOZUMIAOZUZHZHIXIAN;??????????;520326
22;Guizhou;FENGGANG;???;520327
22;Guizhou;MEITAN;???;520328
22;Guizhou;YUQING;???;520329
22;Guizhou;XISHUI;???;520330
22;Guizhou;CHISHUI;???;520381
22;Guizhou;RENHUAI;???;520382
22;Guizhou;XIXIU;???;520402
22;Guizhou;PINGBA;???;520421
22;Guizhou;PUDING;???;520422
22;Guizhou;ZHENNINGBUYIZUMIAOZUZHZHIXIAN;??????????;520423
22;Guizhou;GUANLINGBUYIZUMIAOZUZHZHIXIAN;??????????;520424
22;Guizhou;ZIYUNMIAOZUBUYIZUZHZHIXIAN;??????????;520425
22;Guizhou;TONGREN;???;522201
22;Guizhou;JIANGKOU;???;522222
22;Guizhou;YUPINGDONGZUZHZHIXIAN;???????;522223
22;Guizhou;SHIQIAN;???;522224
22;Guizhou;SINAN;???;522225
22;Guizhou;YINJIANGTUJIAZUMIAOZUZHZHIXIAN;??????????;522226
22;Guizhou;DEJIANG;???;522227
22;Guizhou;YANHETUJIAZUZHZHIXIAN;????????;522228
22;Guizhou;SONGTAOMIAOZUZHZHIXIAN;???????;522229
22;Guizhou;WANSHANTE;????;522230
22;Guizhou;XINGYI;???;522301
22;Guizhou;XINGREN;???;522322
22;Guizhou;PUAN;???;522323
22;Guizhou;QINGLONG;???;522324
22;Guizhou;ZHENFENG;???;522325
22;Guizhou;WANGMO;???;522326
22;Guizhou;CEHENG;???;522327
22;Guizhou;ANLONG;???;522328
22;Guizhou;BIJIE;???;522401
22;Guizhou;DAFANG;???;522422
22;Guizhou;QIANXI;???;522423
22;Guizhou;JINSHA;???;522424
22;Guizhou;ZHIJIN;???;522425
22;Guizhou;NAYONG;???;522426
22;Guizhou;WEININGYIZUHUIZUMIAOZUZHZHIXIAN;???????????;522427
22;Guizhou;HEZHANG;???;522428
22;Guizhou;KAILI;???;522601
22;Guizhou;HUANGPING;???;522622
22;Guizhou;SHIBING;???;522623
22;Guizhou;SANSUI;???;522624
22;Guizhou;ZHENYUAN;???;522625
22;Guizhou;CENGONG;???;522626
22;Guizhou;TIANZHU;???;522627
22;Guizhou;JINPING;???;522628
22;Guizhou;JIANHE;???;522629
22;Guizhou;TAIJIANG;???;522630
22;Guizhou;LIPING;???;522631
22;Guizhou;RONGJIANG;???;522632
22;Guizhou;CONGJIANG;???;522633
22;Guizhou;LEISHAN;???;522634
22;Guizhou;MAJIANG;???;522635
22;Guizhou;DANZHAI;???;522636
22;Guizhou;DUYUN;???;522701
22;Guizhou;FUQUAN;???;522702
22;Guizhou;LIBO;???;522722
22;Guizhou;GUIDING;???;522723
22;Guizhou;WENGAN;???;522725
22;Guizhou;DUSHAN;???;522726
22;Guizhou;PINGTANG;???;522727
22;Guizhou;LUODIAN;???;522728
22;Guizhou;CHANGSHUN;???;522729
22;Guizhou;LONGLI;???;522730
22;Guizhou;HUISHUI;???;522731
22;Guizhou;SANDUSHUIZUZHZHIXIAN;???????;522732
23;Beijing;DONGCHENG;???;110101
23;Beijing;XICHENG;???;110102
23;Beijing;CHONGWEN;???;110103
23;Beijing;XUANWU;???;110104
23;Beijing;CHAOYANG;???;110105
23;Beijing;FENGTAI;???;110106
23;Beijing;SHIJINGSHAN;????;110107
23;Beijing;HAIDIAN;???;110108
23;Beijing;MENTOUGOU;????;110109
23;Beijing;FANGSHAN;???;110111
23;Beijing;TONGZHOU;???;110112
23;Beijing;SHUNYI;???;110113
23;Beijing;CHANGPING;???;110114
23;Beijing;DAXING;???;110224
23;Beijing;PINGGU;???;110226
23;Beijing;HUAIROU;???;110227
23;Beijing;MIYUN;???;110228
23;Beijing;YANQING;???;110229
24;Jiangxi;DONGHU;???;360102
24;Jiangxi;XIHU;???;360103
24;Jiangxi;QINGYUNPU;????;360104
24;Jiangxi;WANLI;???;360105
24;Jiangxi;NANCHANG JIAOQU;????;360111
24;Jiangxi;NANCHANG;???;360121
24;Jiangxi;XINJIAN;???;360122
24;Jiangxi;ANYI;???;360123
24;Jiangxi;JINXIAN;???;360124
24;Jiangxi;CHANGJIANG;???;360202
24;Jiangxi;ZHUSHAN;???;360203
24;Jiangxi;FULIANG;???;360222
24;Jiangxi;LEPING;???;360281
24;Jiangxi;ANYUAN;???;360302
24;Jiangxi;XIANGDONG;???;360313
24;Jiangxi;LIANHUA;???;360321
24;Jiangxi;SHANGLI;???;360322
24;Jiangxi;LUXI;???;360323
24;Jiangxi;LUSHAN;???;360402
24;Jiangxi;XUNYANG;???;360403
24;Jiangxi;JIUJIANG;???;360421
24;Jiangxi;WUNING;???;360423
24;Jiangxi;XIUSHUI;???;360424
24;Jiangxi;YONGXIU;???;360425
24;Jiangxi;DEAN;???;360426
24;Jiangxi;XINGZI;???;360427
24;Jiangxi;DUCHANG;???;360428
24;Jiangxi;HUKOU;???;360429
24;Jiangxi;PENGZE;???;360430
24;Jiangxi;RUICHANG;???;360481
24;Jiangxi;YUSHUI;???;360502
24;Jiangxi;FENYI;???;360521
24;Jiangxi;YUEHU;???;360602
24;Jiangxi;YUJIANG;???;360622
24;Jiangxi;GUIXI;???;360681
24;Jiangxi;ZHANGGONG;???;360702
24;Jiangxi;GANXIAN;??;360721
24;Jiangxi;XINFENG;???;360722
24;Jiangxi;DAYU;???;360723
24;Jiangxi;SHANGYOU;???;360724
24;Jiangxi;CHONGYI;???;360725
24;Jiangxi;ANYUAN;???;360726
24;Jiangxi;LONGNAN;???;360727
24;Jiangxi;DINGNAN;???;360728
24;Jiangxi;QUANNAN;???;360729
24;Jiangxi;NINGDU;???;360730
24;Jiangxi;YUDU;???;360731
24;Jiangxi;XINGGUO;???;360732
24;Jiangxi;HUICHANG;???;360733
24;Jiangxi;XUNWU;???;360734
24;Jiangxi;SHICHENG;???;360735
24;Jiangxi;RUIJIN;???;360781
24;Jiangxi;NANKANG;???;360782
24;Jiangxi;JIZHOU;???;360802
24;Jiangxi;QINGYUAN;???;360803
24;Jiangxi;JIAN;???;360821
24;Jiangxi;JISHUI;???;360822
24;Jiangxi;XIAJIANG;???;360823
24;Jiangxi;XINGAN;???;360824
24;Jiangxi;YONGFENG;???;360825
24;Jiangxi;TAIHE;???;360826
24;Jiangxi;SUICHUAN;???;360827
24;Jiangxi;WANAN;???;360828
24;Jiangxi;ANFU;???;360829
24;Jiangxi;YONGXIN;???;360830
24;Jiangxi;JINGGANGSHAN;????;360881
24;Jiangxi;YUANZHOU;???;360902
24;Jiangxi;FENGXIN;???;360921
24;Jiangxi;WANZAI;???;360922
24;Jiangxi;SHANGGAO;???;360923
24;Jiangxi;YIFENG;???;360924
24;Jiangxi;JINGAN;???;360925
24;Jiangxi;TONGGU;???;360926
24;Jiangxi;FENGCHENG;???;360981
24;Jiangxi;ZHANGSHU;???;360982
24;Jiangxi;GAOAN;???;360983
24;Jiangxi;LINCHUAN;???;361002
24;Jiangxi;NANCHENG;???;361021
24;Jiangxi;LICHUAN;???;361022
24;Jiangxi;NANFENG;???;361023
24;Jiangxi;CHONGREN;???;361024
24;Jiangxi;LEAN;???;361025
24;Jiangxi;YIHUANG;???;361026
24;Jiangxi;JINXI;???;361027
24;Jiangxi;ZIXI;???;361028
24;Jiangxi;DONGXIANG;???;361029
24;Jiangxi;GUANGCHANG;???;361030
24;Jiangxi;XINZHOU;???;361102
24;Jiangxi;SHANGRAO;???;361121
24;Jiangxi;GUANGFENG;???;361122
24;Jiangxi;YUSHAN;???;361123
24;Jiangxi;QIANSHAN;???;361124
24;Jiangxi;HENGFENG;???;361125
24;Jiangxi;YIYANG;???;361126
24;Jiangxi;YUGAN;???;361127
24;Jiangxi;BOYANG;???;361128
24;Jiangxi;WANNIAN;???;361129
24;Jiangxi;WUYUAN;???;361130
24;Jiangxi;DEXING;???;361181
25;Jilin;NANGUAN;???;220102
25;Jilin;KUANCHENG;???;220103
25;Jilin;CHAOYANG;???;220104
25;Jilin;ERDAO;???;220105
25;Jilin;LVYUAN;???;220106
25;Jilin;SHUANGYANG;???;220112
25;Jilin;NONGAN;???;220122
25;Jilin;JIUTAI;???;220181
25;Jilin;YUSHU;???;220182
25;Jilin;DEHUI;???;220183
25;Jilin;CHANGYI;???;220202
25;Jilin;LONGTAN;???;220203
25;Jilin;CHUANYING;???;220204
25;Jilin;FENGMAN;???;220211
25;Jilin;YONGJI;???;220221
25;Jilin;JIAOHE;???;220281
25;Jilin;HUADIAN;???;220282
25;Jilin;SHULAN;???;220283
25;Jilin;PANSHI;???;220284
25;Jilin;TIEXI;???;220302
25;Jilin;TIEDONG;???;220303
25;Jilin;LISHU;???;220322
25;Jilin;YITONGMANZUZIZHIXIAN;???????;220323
25;Jilin;GONGZHULING;????;220381
25;Jilin;SHUANGLIAO;???;220382
25;Jilin;LONGSHAN;???;220402
25;Jilin;XIAN;???;220403
25;Jilin;DONGFENG;???;220421
25;Jilin;DONGLIAO;???;220422
25;Jilin;DONGCHANG;???;220502
25;Jilin;ERDAOJIANG;????;220503
25;Jilin;TONGHUA;???;220521
25;Jilin;HUINAN;???;220523
25;Jilin;LIUHE;???;220524
25;Jilin;MEIHEKOU;????;220581
25;Jilin;JIAN;???;220582
25;Jilin;BADAOJIANG;????;220602
25;Jilin;FUSONG;???;220621
25;Jilin;JINGYU;???;220622
25;Jilin;CHANGBAICHAOXIANZUZIZHIXIAN;????????;220623
25;Jilin;JIANGYUAN;???;220625
25;Jilin;LINJIANG;???;220681
25;Jilin;NINGJIANG;???;220702
25;Jilin;QIANGUOERLUOSIMENGGUZUZIZHIXIAN;???????????;220721
25;Jilin;CHANGLING;???;220722
25;Jilin;QIANAN;???;220723
25;Jilin;FUYU;???;220724
25;Jilin;TAOBEI;???;220802
25;Jilin;ZHENLAI;???;220821
25;Jilin;TONGYU;???;220822
25;Jilin;TAONAN;???;220881
25;Jilin;DAAN;???;220882
25;Jilin;YANJI;???;222401
25;Jilin;TUMEN;???;222402
25;Jilin;DUNHUA;???;222403
25;Jilin;HUICHUN;???;222404
25;Jilin;LONGJING;???;222405
25;Jilin;HELONG;???;222406
25;Jilin;WANGQING;???;222424
25;Jilin;ANTU;???;222426
26;Yunnan;WUHUA;???;530102
26;Yunnan;PANLONG;???;530103
26;Yunnan;GUANDU;???;530111
26;Yunnan;XISHAN;???;530112
26;Yunnan;DONGCHUAN;???;530113
26;Yunnan;CHENGGONG;???;530121
26;Yunnan;JINNING;???;530122
26;Yunnan;FUMIN;???;530124
26;Yunnan;YILIANG;???;530125
26;Yunnan;SHILINYIZUZHZHIXIAN;???????;530126
26;Yunnan;SONGMING;???;530127
26;Yunnan;LUQUANYIZUMIAOZUZHZHIXIAN;?????????;530128
26;Yunnan;XUNDIANHUIZUYIZUZHZHIXIAN;?????????;530129
26;Yunnan;ANNING;???;530181
26;Yunnan;QILIN;???;530302
26;Yunnan;MALONG;???;530321
26;Yunnan;LULIANG;???;530322
26;Yunnan;SHIZONG;???;530323
26;Yunnan;LUOPING;???;530324
26;Yunnan;FUYUAN;???;530325
26;Yunnan;HUIZE;???;530326
26;Yunnan;ZHANYI;???;530328
26;Yunnan;XUANWEI;???;530381
26;Yunnan;HONGTA;???;530402
26;Yunnan;JIANGCHUAN;???;530421
26;Yunnan;CHENGJIANG;???;530422
26;Yunnan;TONGHAI;???;530423
26;Yunnan;HUANING;???;530424
26;Yunnan;YIMEN;???;530425
26;Yunnan;ESHANYIZUZHZHIXIAN;???????;530426
26;Yunnan;XINPINGYIZUDAIZUZHZHIXIAN;?????????;530427
26;Yunnan;YUANJIANGHANIZUYIZUDAIZUZHZHIXIAN;????????????;530428
26;Yunnan;ZHAOTONG;???;532101
26;Yunnan;LUDIAN;???;532122
26;Yunnan;QIAOJIA;???;532123
26;Yunnan;YANJIN;???;532124
26;Yunnan;DAGUAN;???;532125
26;Yunnan;YONGSHAN;???;532126
26;Yunnan;SUIJIANG;???;532127
26;Yunnan;ZHENXIONG;???;532128
26;Yunnan;YILIANG;???;532129
26;Yunnan;WEIXIN;???;532130
26;Yunnan;SHUIFU;???;532131
26;Yunnan;CHUXIONG;???;532301
26;Yunnan;SHUANGBAI;???;532322
26;Yunnan;MUDING;???;532323
26;Yunnan;NANHUA;???;532324
26;Yunnan;YAOAN;???;532325
26;Yunnan;DAYAO;???;532326
26;Yunnan;YONGREN;???;532327
26;Yunnan;YUANMOU;???;532328
26;Yunnan;WUDING;???;532329
26;Yunnan;LUFENG;???;532331
26;Yunnan;GEJIU;???;532501
26;Yunnan;KAIYUAN;???;532502
26;Yunnan;MENGZI;???;532522
26;Yunnan;PINGBIANMIAOZUZHZHIXIAN;???????;532523
26;Yunnan;JIANSHUI;???;532524
26;Yunnan;SHIPING;???;532525
26;Yunnan;MILE;???;532526
26;Yunnan;LUXI;???;532527
26;Yunnan;YUANYANG;???;532528
26;Yunnan;HONGHE;???;532529
26;Yunnan;JINPINGMIAOZUYAOZUDAIZUZHZHIXIAN;???????????;532530
26;Yunnan;LVCHUN;???;532531
26;Yunnan;HEKOUYAOZUZHZHIXIAN;???????;532532
26;Yunnan;WENSHAN;???;532621
26;Yunnan;YANSHAN;???;532622
26;Yunnan;XICHOU;???;532623
26;Yunnan;MALIPO;????;532624
26;Yunnan;MAGUAN;???;532625
26;Yunnan;QIUBEI;???;532626
26;Yunnan;GUANGNAN;???;532627
26;Yunnan;FUNING;???;532628
26;Yunnan;SIMAO;???;532701
26;Yunnan;PUERHANIZUYIZUZHZHIXIAN;??????????;532722
26;Yunnan;MOJIANGHANIZUZHZHIXIAN;????????;532723
26;Yunnan;JINGDONGYIZUZHZHIXIAN;???????;532724
26;Yunnan;JINGGUDAIZUYIZUZHZHIXIAN;?????????;532725
26;Yunnan;ZHENYUANYIZUHANIZULAHUZUZHZHIXIAN;?????????????;532726
26;Yunnan;JIANGCHENGHANIZUYIZUZHZHIXIAN;??????????;532727
26;Yunnan;MENGLIANDAIZULAHUZUWAZUZHZHIXIAN;????????????;532728
26;Yunnan;LANCANGLAHUZUZHZHIXIAN;????????;532729
26;Yunnan;XIMENGWAZUZHZHIXIAN;???????;532730
26;Yunnan;JINGHONG;???;532801
26;Yunnan;MENGHAI;???;532822
26;Yunnan;MENGLA;???;532823
26;Yunnan;DALI;???;532901
26;Yunnan;YANGBIYIZUZHZHIXIAN;???????;532922
26;Yunnan;XIANGYUN;???;532923
26;Yunnan;BINCHUAN;???;532924
26;Yunnan;MIDU;???;532925
26;Yunnan;NANJIANYIZUZHZHIXIAN;???????;532926
26;Yunnan;WEISHANYIZUHUIZUZHZHIXIAN;?????????;532927
26;Yunnan;YONGPING;???;532928
26;Yunnan;YUNLONG;???;532929
26;Yunnan;ERYUAN;???;532930
26;Yunnan;JIANCHUAN;???;532931
26;Yunnan;HEQING;???;532932
26;Yunnan;BAOSHAN;???;533001
26;Yunnan;SHIDIAN;???;533022
26;Yunnan;TENGCHONG;???;533023
26;Yunnan;LONGLING;???;533024
26;Yunnan;CHANGNING;???;533025
26;Yunnan;RUILI;???;533102
26;Yunnan;LUXI;???;533103
26;Yunnan;LIANGHE;???;533122
26;Yunnan;YINGJIANG;???;533123
26;Yunnan;LONGCHUAN;???;533124
26;Yunnan;LIJIANGNAXIZUZHZHIXIANXIAN;????????;533221
26;Yunnan;YONGSHENG;???;533222
26;Yunnan;HUAPING;???;533223
26;Yunnan;NINGLANGYIZUZHZHIXIAN;???????;533224
26;Yunnan;LUSHUI;???;533321
26;Yunnan;FUGONG;???;533323
26;Yunnan;GONGSHANDULONGZUNUZUZHZHIXIAN;??????????;533324
26;Yunnan;LANPINGBAIZUPUMIZUZHZHIXIAN;??????????;533325
26;Yunnan;ZHONGDIAN;???;533421
26;Yunnan;DEQIN;???;533422
26;Yunnan;WEIXILISUZUZHZHIXIAN;????????;533423
26;Yunnan;LINCANG;???;533521
26;Yunnan;FENGQING;???;533522
26;Yunnan;YUN;??;533523
26;Yunnan;YONGDE;???;533524
26;Yunnan;ZHENKANG;???;533525
26;Yunnan;SHUANGJIANGLAHUZUWAZUBULANGZUDAIZUZHZHIXIAN;???????????????;533526
26;Yunnan;GENGMADAIZUWAZUZHZHIXIAN;?????????;533527
26;Yunnan;CANGYUANWAZUZHZHIXIAN;???????;533528
27;Hunan;FURONG;???;430102
27;Hunan;TIANXIN;???;430103
27;Hunan;YUELU;???;430104
27;Hunan;KAIFU;???;430105
27;Hunan;YUHUA;???;430111
27;Hunan;CHANGSHA;???;430121
27;Hunan;WANGCHENG;???;430122
27;Hunan;NINGXIANG;???;430124
27;Hunan;LIUYANG;???;430181
27;Hunan;HETANG;???;430202
27;Hunan;LUSONG;???;430203
27;Hunan;SHIFENG;???;430204
27;Hunan;TIANYUAN;???;430211
27;Hunan;ZHUZHOU;???;430221
27;Hunan;YOU;??;430223
27;Hunan;CHALING;???;430224
27;Hunan;YANLING;???;430225
27;Hunan;LILING;???;430281
27;Hunan;YUHU;???;430302
27;Hunan;YUETANG;???;430304
27;Hunan;XIANGTAN;???;430321
27;Hunan;XIANGXIANG;???;430381
27;Hunan;SHAOSHAN;???;430382
27;Hunan;JIANGDONG;???;430402
27;Hunan;CHENGNAN;???;430403
27;Hunan;CHENGBEI;???;430404
27;Hunan;HENGYANG JIAOQU;????;430411
27;Hunan;NANYUE;???;430412
27;Hunan;HENGYANG;???;430421
27;Hunan;HENGNAN;???;430422
27;Hunan;HENGSHAN;???;430423
27;Hunan;HENGDONG;???;430424
27;Hunan;QIDONG;???;430426
27;Hunan;LEIYANG;???;430481
27;Hunan;CHANGNING;???;430482
27;Hunan;SHUANGQING;???;430502
27;Hunan;DAXIANG;???;430503
27;Hunan;BEITA;???;430511
27;Hunan;SHAODONG;???;430521
27;Hunan;XINSHAO;???;430522
27;Hunan;SHAOYANG;???;430523
27;Hunan;LONGHUI;???;430524
27;Hunan;DONGKOU;???;430525
27;Hunan;SUINING;???;430527
27;Hunan;XINNING;???;430528
27;Hunan;CHENGBUMIAOZUZIZHIXIAN;???????;430529
27;Hunan;WUGANG;???;430581
27;Hunan;YUEYANGLOU;????;430602
27;Hunan;YUNXI;???;430603
27;Hunan;JUNSHAN;???;430611
27;Hunan;YUEYANG;???;430621
27;Hunan;HUARONG;???;430623
27;Hunan;XIANGYIN;???;430624
27;Hunan;PINGJIANG;???;430626
27;Hunan;MILUO;???;430681
27;Hunan;LINXIANG;???;430682
27;Hunan;WULING;???;430702
27;Hunan;DINGCHENG;???;430703
27;Hunan;ANXIANG;???;430721
27;Hunan;HANSHOU;???;430722
27;Hunan;LI;??;430723
27;Hunan;LINLI;???;430724
27;Hunan;TAOYUAN;???;430725
27;Hunan;SHIMEN;???;430726
27;Hunan;JINSHI;???;430781
27;Hunan;YONGDING;???;430802
27;Hunan;WULINGYUAN;????;430811
27;Hunan;CILI;???;430821
27;Hunan;SANGZHI;???;430822
27;Hunan;ZIYANG;???;430902
27;Hunan;HESHAN;???;430903
27;Hunan;NAN;??;430921
27;Hunan;TAOJIANG;???;430922
27;Hunan;ANHUA;???;430923
27;Hunan;YUANJIANG;???;430981
27;Hunan;BEIHU;???;431002
27;Hunan;SUXIAN;???;431003
27;Hunan;GUIYANG;???;431021
27;Hunan;YIZHANG;???;431022
27;Hunan;YONGXING;???;431023
27;Hunan;JIAHE;???;431024
27;Hunan;LINWU;???;431025
27;Hunan;RUCHENG;???;431026
27;Hunan;GUIDONG;???;431027
27;Hunan;ANREN;???;431028
27;Hunan;ZIXING;???;431081
27;Hunan;ZHISHAN;???;431102
27;Hunan;LENGSHUITAN;????;431103
27;Hunan;QIYANG;???;431121
27;Hunan;DONGAN;???;431122
27;Hunan;SHUANGPAI;???;431123
27;Hunan;DAO;??;431124
27;Hunan;JIANGYONG;???;431125
27;Hunan;NINGYUAN;???;431126
27;Hunan;LANSHAN;???;431127
27;Hunan;XINTIAN;???;431128
27;Hunan;JIANGHUAYAOZUZIZHIXIAN;???????;431129
27;Hunan;HECHENG;???;431202
27;Hunan;ZHONGFANG;???;431221
27;Hunan;YUANLING;???;431222
27;Hunan;CHENXI;???;431223
27;Hunan;XUPU;???;431224
27;Hunan;HUITONG;???;431225
27;Hunan;MAYANGMIAOZUZIZHIXIAN;???????;431226
27;Hunan;XINHUANGDONGZUZIZHIXIAN;???????;431227
27;Hunan;ZHIJIANGDONGZUZIZHIXIAN;???????;431228
27;Hunan;JINGZHOUMIAOZUDONGZUZIZHIXIAN;?????????;431229
27;Hunan;TONGDAODONGZUZIZHIXIAN;???????;431230
27;Hunan;HONGJIANG;???;431281
27;Hunan;LOUXING;???;431302
27;Hunan;SHUANGFENG;???;431321
27;Hunan;XINHUA;???;431322
27;Hunan;LENGSHUIJIANG;????;431381
27;Hunan;LIANYUAN;???;431382
27;Hunan;JISHOU;???;433101
27;Hunan;LUXI;???;433122
27;Hunan;FENGHUANG;???;433123
27;Hunan;HUAYUAN;???;433124
27;Hunan;BAOJING;???;433125
27;Hunan;GUZHANG;???;433126
27;Hunan;YONGSHUN;???;433127
27;Hunan;LONGSHAN;???;433130
28;Qinghai;NING CHENGDONG;?????;630102
28;Qinghai;XINING CHENGZHONG;?????;630103
28;Qinghai;XINING CHENGXI;?????;630104
28;Qinghai;XINING CHENGBEI;?????;630105
28;Qinghai;DATONGHUIZUTUZUZHZHIXIAN;?????????;630121
28;Qinghai;HUANGZHONG;???;630122
28;Qinghai;HUANGYUAN;???;630123
28;Qinghai;PINGAN;???;632121
28;Qinghai;MINHEHUIZUTUZUZHZHIXIAN;?????????;632122
28;Qinghai;LEDU;???;632123
28;Qinghai;HUZHUTUZUZHZHIXIAN;???????;632126
28;Qinghai;HUALONGHUIZUZHZHIXIAN;???????;632127
28;Qinghai;XUNHUASALAZUZHZHIXIAN;????????;632128
28;Qinghai;MENYUANHUIZUZIZHIXIAN;???????;632221
28;Qinghai;QILIAN;???;632222
28;Qinghai;HAIYAN;???;632223
28;Qinghai;GANGCHA;???;632224
28;Qinghai;TONGREN;???;632321
28;Qinghai;JIANZHA;???;632322
28;Qinghai;ZEKU;???;632323
28;Qinghai;HENANMENGGUZUZIZHIXIAN;????????;632324
28;Qinghai;GONGHE;???;632521
28;Qinghai;TONGDE;???;632522
28;Qinghai;GUIDE;???;632523
28;Qinghai;XINGHAI;???;632524
28;Qinghai;GUINAN;???;632525
28;Qinghai;MAQIN;???;632621
28;Qinghai;BANMA;???;632622
28;Qinghai;GANDE;???;632623
28;Qinghai;DARI;???;632624
28;Qinghai;JIUZHI;???;632625
28;Qinghai;MADUO;???;632626
28;Qinghai;YUSHU;???;632721
28;Qinghai;ZADUO;???;632722
28;Qinghai;CHENGDUO;???;632723
28;Qinghai;ZHIDUO;???;632724
28;Qinghai;NANGQIAN;???;632725
28;Qinghai;QUMALAI;????;632726
28;Qinghai;GEERMU;????;632801
28;Qinghai;DELINGHA;????;632802
28;Qinghai;WULAN;???;632821
28;Qinghai;DULAN;???;632822
28;Qinghai;TIANJUN;???;632823
29;Sichuan;JINJIANG;???;510104
29;Sichuan;QINGYANG;???;510105
29;Sichuan;JINNIU;???;510106
29;Sichuan;WUHOU;???;510107
29;Sichuan;CHENGHUA;???;510108
29;Sichuan;LONGQUANYI;????;510112
29;Sichuan;QINGBAIJIANG;????;510113
29;Sichuan;JINTANG;???;510121
29;Sichuan;SHUANGLIU;???;510122
29;Sichuan;WENJIANG;???;510123
29;Sichuan;PI;??;510124
29;Sichuan;XINDU;???;510125
29;Sichuan;DAYI;???;510129
29;Sichuan;PUJIANG;???;510131
29;Sichuan;XINJIN;???;510132
29;Sichuan;DUJIANGYAN;????;510181
29;Sichuan;PENGZHOU;???;510182
29;Sichuan;QIONGLAI;???;510183
29;Sichuan;CHONGZHOU;???;510184
29;Sichuan;ZILIUJING;????;510302
29;Sichuan;GONGJING;???;510303
29;Sichuan;DAAN;???;510304
29;Sichuan;YANTAN;???;510311
29;Sichuan;RONG;??;510321
29;Sichuan;FUSHUN;???;510322
29;Sichuan;PANZHIHUA DONGQU;?????;510402
29;Sichuan;PANZHIHUA XIQU;?????;510403
29;Sichuan;RENHE;???;510411
29;Sichuan;MIYI;???;510421
29;Sichuan;YANBIAN;???;510422
29;Sichuan;JIANGYANG;???;510502
29;Sichuan;NAXI;???;510503
29;Sichuan;LONGMATAN;????;510504
29;Sichuan;LU;??;510521
29;Sichuan;HEJIANG;???;510522
29;Sichuan;XUYONG;???;510524
29;Sichuan;GULIN;???;510525
29;Sichuan;JINGYANG;???;510603
29;Sichuan;ZHONGJIANG;???;510623
29;Sichuan;LUOJIANG;???;510626
29;Sichuan;GUANGHAN;???;510681
29;Sichuan;SHENFANG;???;510682
29;Sichuan;MIANZHU;???;510683
29;Sichuan;FUCHENG;???;510703
29;Sichuan;YOUXIAN;???;510704
29;Sichuan;SANTAI;???;510722
29;Sichuan;YANTING;???;510723
29;Sichuan;AN;??;510724
29;Sichuan;ZITONG;???;510725
29;Sichuan;BEICHUAN;???;510726
29;Sichuan;PINGWU;???;510727
29;Sichuan;JIANGYOU;???;510781
29;Sichuan;GUANGYUAN SHIZHONG;?????;510802
29;Sichuan;YUANBA;???;510811
29;Sichuan;CHAOTIAN;???;510812
29;Sichuan;WANGCANG;???;510821
29;Sichuan;QINGCHUAN;???;510822
29;Sichuan;JIANGE;???;510823
29;Sichuan;CANGXI;???;510824
29;Sichuan;SHIZHONG;???;510902
29;Sichuan;PENGXI;???;510921
29;Sichuan;SHEHONG;???;510922
29;Sichuan;DAYING;???;510923
29;Sichuan;SHIZHONG;???;511002
29;Sichuan;DONGXING;???;511011
29;Sichuan;WEIYUAN;???;511024
29;Sichuan;ZIZHONG;???;511025
29;Sichuan;LONGCHANG;???;511028
29;Sichuan;SHIZHONG;???;511102
29;Sichuan;SHAWAN;???;511111
29;Sichuan;WUTONGQIAO;????;511112
29;Sichuan;JINKOUHE;????;511113
29;Sichuan;JIANWEI;???;511123
29;Sichuan;JINGYAN;???;511124
29;Sichuan;JIAJIANG;???;511126
29;Sichuan;MUCHUAN;???;511129
29;Sichuan;EBIANYIZUZHZHIXIAN;???????;511132
29;Sichuan;MABIANYIZUZHZHIXIAN;???????;511133
29;Sichuan;EMEISHAN;????;511181
29;Sichuan;SHUNQING;???;511302
29;Sichuan;GAOPING;???;511303
29;Sichuan;JIALING;???;511304
29;Sichuan;NANBU;???;511321
29;Sichuan;YINGSHAN;???;511322
29;Sichuan;PENGAN;???;511323
29;Sichuan;YILONG;???;511324
29;Sichuan;XICHONG;???;511325
29;Sichuan;LANGZHONG;???;511381
29;Sichuan;DONGPO;???;511402
29;Sichuan;RENSHOU;???;511421
29;Sichuan;PENGSHAN;???;511422
29;Sichuan;HONGYA;???;511423
29;Sichuan;DANLENG;???;511424
29;Sichuan;QINGSHEN;???;511425
29;Sichuan;CUIPING;???;511502
29;Sichuan;YIBIN;???;511521
29;Sichuan;NANXI;???;511522
29;Sichuan;JIANGAN;???;511523
29;Sichuan;CHANGNING;???;511524
29;Sichuan;GAO;??;511525
29;Sichuan;GONG;??;511526
29;Sichuan;JUNLIAN;???;511527
29;Sichuan;XINGWEN;???;511528
29;Sichuan;PINGSHAN;???;511529
29;Sichuan;GUANGAN;???;511602
29;Sichuan;YUECHI;???;511621
29;Sichuan;WUSHENG;???;511622
29;Sichuan;LINSHUI;???;511623
29;Sichuan;HUAYING;???;511681
29;Sichuan;TONGCHUAN;???;511702
29;Sichuan;DA;??;511721
29;Sichuan;XUANHAN;???;511722
29;Sichuan;KAIJIANG;???;511723
29;Sichuan;DA ZHU;???;511724
29;Sichuan;QU;??;511725
29;Sichuan;WANYUAN;???;511781
29;Sichuan;YUCHENG;???;511802
29;Sichuan;MINGSHAN;???;511821
29;Sichuan;XINGJING;???;511822
29;Sichuan;HANYUAN;???;511823
29;Sichuan;SHIMIAN;???;511824
29;Sichuan;TIANQUAN;???;511825
29;Sichuan;LUSHAN;???;511826
29;Sichuan;BAOXING;???;511827
29;Sichuan;BAZHOU;???;511902
29;Sichuan;TONGJIANG;???;511921
29;Sichuan;NANJIANG;???;511922
29;Sichuan;PINGCHANG;???;511923
29;Sichuan;YANJIANG;???;512002
29;Sichuan;ANYUE;???;512021
29;Sichuan;LEZHI;???;512022
29;Sichuan;JIANYANG;???;512081
29;Sichuan;WENCHUAN;???;513221
29;Sichuan;LI;??;513222
29;Sichuan;MAO;??;513223
29;Sichuan;SONGPAN;???;513224
29;Sichuan;JIUZHAIGOU;????;513225
29;Sichuan;JINCHUAN;???;513226
29;Sichuan;XIAOJIN;???;513227
29;Sichuan;HEISHUI;???;513228
29;Sichuan;MAERKANG;????;513229
29;Sichuan;RANGTANG;???;513230
29;Sichuan;ABA;???;513231
29;Sichuan;RUOERGAI;????;513232
29;Sichuan;HONGYUAN;???;513233
29;Sichuan;KANGDING;???;513321
29;Sichuan;LUDING;???;513322
29;Sichuan;DANBA;???;513323
29;Sichuan;JIULONG;???;513324
29;Sichuan;YAJIANG;???;513325
29;Sichuan;DAOFU;???;513326
29;Sichuan;LUHUO;???;513327
29;Sichuan;GANZI;???;513328
29;Sichuan;XINLONG;???;513329
29;Sichuan;DEGE;???;513330
29;Sichuan;BAIYU;???;513331
29;Sichuan;SHIQU;???;513332
29;Sichuan;SEDA;???;513333
29;Sichuan;LITANG;???;513334
29;Sichuan;BATANG;???;513335
29;Sichuan;XIANGCHENG;???;513336
29;Sichuan;DAOCHENG;???;513337
29;Sichuan;DERONG;???;513338
29;Sichuan;XICHANG;???;513401
29;Sichuan;MULICANGZUZHZHIXIAN;???????;513422
29;Sichuan;YANYUAN;???;513423
29;Sichuan;DECHANG;???;513424
29;Sichuan;HUILI;???;513425
29;Sichuan;HUIDONG;???;513426
29;Sichuan;NINGNAN;???;513427
29;Sichuan;PUGE;???;513428
29;Sichuan;BUTUO;???;513429
29;Sichuan;JINYANG;???;513430
29;Sichuan;ZHAOJUE;???;513431
29;Sichuan;XIDE;???;513432
29;Sichuan;MIANNING;???;513433
29;Sichuan;YUEXI;???;513434
29;Sichuan;GANLUO;???;513435
29;Sichuan;MEIGU;???;513436
29;Sichuan;LEIBO;???;513437
30;Shanghai;HUANGPU;???;310101
30;Shanghai;NANSHI;???;310102
30;Shanghai;LUWAN;???;310103
30;Shanghai;XUHUI;???;310104
30;Shanghai;CHANGNING;???;310105
30;Shanghai;JINGAN;???;310106
30;Shanghai;PUTUO;???;310107
30;Shanghai;ZHABEI;???;310108
30;Shanghai;HONGKOU;???;310109
30;Shanghai;YANGPU;???;310110
30;Shanghai;MINXING;???;310112
30;Shanghai;BAOSHAN;???;310113
30;Shanghai;JIADING;???;310114
30;Shanghai;PUDONGXIN;????;310115
30;Shanghai;JINSHAN;???;310116
30;Shanghai;SONGJIANG;???;310117
30;Shanghai;QINGPU;???;310118
30;Shanghai;NANHUI;???;310225
30;Shanghai;FENGXIAN;???;310226
30;Shanghai;CHONGMING;???;310230
31;Zhejiang;SHANGCHENG;?????;330102
31;Zhejiang;HANGZHOU XIACHENG;?????;330103
31;Zhejiang;JIANGGAN;???;330104
31;Zhejiang;GONGSHU;???;330105
31;Zhejiang;XIHU;???;330106
31;Zhejiang;BINJIANG;???;330108
31;Zhejiang;TONGLU;???;330122
31;Zhejiang;CHUNAN;???;330127
31;Zhejiang;XIAOSHAN;???;330181
31;Zhejiang;JIANDE;???;330182
31;Zhejiang;FUYANG;???;330183
31;Zhejiang;YUHANG;???;330184
31;Zhejiang;LINAN;???;330185
31;Zhejiang;HAISHU;???;330203
31;Zhejiang;JIANGDONG;???;330204
31;Zhejiang;JIANGBEI;???;330205
31;Zhejiang;BEILUN;???;330206
31;Zhejiang;ZHENHAI;???;330211
31;Zhejiang;XIANGSHAN;???;330225
31;Zhejiang;NINGHAI;???;330226
31;Zhejiang;YINXIAN;??;330227
31;Zhejiang;YUYAO;???;330281
31;Zhejiang;CIXI;???;330282
31;Zhejiang;FENGHUA;???;330283
31;Zhejiang;LUCHENG;???;330302
31;Zhejiang;LONGWAN;???;330303
31;Zhejiang;OUHAI;???;330304
31;Zhejiang;DONGTOU;???;330322
31;Zhejiang;YONGJIA;???;330324
31;Zhejiang;PINGYANG;???;330326
31;Zhejiang;CANGNAN;???;330327
31;Zhejiang;WENCHENG;???;330328
31;Zhejiang;TAISHUN;???;330329
31;Zhejiang;RUIAN;???;330381
31;Zhejiang;LEQING;???;330382
31;Zhejiang;XIUCHENG;???;330402
31;Zhejiang;XIUZHOU;???;330411
31;Zhejiang;JIASHAN;???;330421
31;Zhejiang;HAIYAN;???;330424
31;Zhejiang;HAINING;???;330481
31;Zhejiang;PINGHU;???;330482
31;Zhejiang;TONGXIANG;???;330483
31;Zhejiang;HUZHOU;???;330501
31;Zhejiang;DEQING;???;330521
31;Zhejiang;CHANGXING;???;330522
31;Zhejiang;ANJI;???;330523
31;Zhejiang;YUECHENG;???;330602
31;Zhejiang;SHAOXING;???;330621
31;Zhejiang;XINCHANG;???;330624
31;Zhejiang;ZHUJI;???;330681
31;Zhejiang;SHANGYU;???;330682
31;Zhejiang;SHENGZHOU;???;330683
31;Zhejiang;WUCHENG;???;330702
31;Zhejiang;JINHUA;???;330721
31;Zhejiang;WUYI;???;330723
31;Zhejiang;PUJIANG;???;330726
31;Zhejiang;PANAN;???;330727
31;Zhejiang;LANXI;???;330781
31;Zhejiang;YIWU;???;330782
31;Zhejiang;DONGYANG;???;330783
31;Zhejiang;YONGKANG;???;330784
31;Zhejiang;KECHENG;???;330802
31;Zhejiang;QUXIAN;??;330821
31;Zhejiang;CHANGSHAN;???;330822
31;Zhejiang;KAIHUA;???;330824
31;Zhejiang;LONGYOU;???;330825
31;Zhejiang;JIANGSHAN;???;330881
31;Zhejiang;DINGHAI;???;330902
31;Zhejiang;PUTUO;???;330903
31;Zhejiang;DAISHAN;???;330921
31;Zhejiang;SHENGSI;???;330922
31;Zhejiang;JIAOJIANG;???;331002
31;Zhejiang;HUANGYAN;???;331003
31;Zhejiang;LUQIAO;???;331004
31;Zhejiang;YUHUAN;???;331021
31;Zhejiang;SANMEN;???;331022
31;Zhejiang;TIANTAI;???;331023
31;Zhejiang;XIANJU;???;331024
31;Zhejiang;WENLING;???;331081
31;Zhejiang;LINHAI;???;331082
31;Zhejiang;LIANDU;???;331102
31;Zhejiang;QINGTIAN;???;331121
31;Zhejiang;JINYUN;???;331122
31;Zhejiang;SUICHANG;???;331123
31;Zhejiang;SONGYANG;???;331124
31;Zhejiang;YUNHE;???;331125
31;Zhejiang;QINGYUAN;???;331126
31;Zhejiang;JINGNINGSHEZUZIZHIXIAN;???????;331127
31;Zhejiang;LONGQUAN;???;331181
