作者,文章名称,出处,时间,有无数据,有无代码,期刊分类
Michaël Rubens; WU Ying-jie; Mingzhi Xu,Estimating factor price markdowns using production models,International Journal of Industrial Organization,2025,未知,未知,国际A2
John R. Birge; Hongfan Chen; N. Bora Keskin,Markdown Policies for Demand Learning with Forward-Looking Customers,Operations Research,2025,未知,未知,国际A+
Rémi Avignon; Claire Chambolle; Etienne Guigue; Hugo Molina,"Markups, Markdowns, and Bargaining in a Vertical Supply Chain",SSRN Electronic Journal,2025,未知,未知,未列/需核验
Mostafa Setak; Madjid Tavana; Hossein Talafi Daryani,A two-level supply chain coordination model for perishable products under optimal markdown time and trade credit policies,OPSEARCH,2024,未知,未知,未列/需核验
Andrew Vakhutinsky,CHAPTER ELEVEN Retail Markdown Optimization under Demand Parameter Uncertainty,University of Toronto Press eBooks,2024,未知,未知,未列/需核验
Yongbo Xiao; Chen Hu; Qian Liu,Managing demand by upgrade programs and markdown pricing with a product rollover,Naval Research Logistics (NRL),2023,未知,未知,未列/需核验
Saravanya Sankarakumaraswamy; Arshinder Kaur; Chandrasekharan Rajendran; Hans Ziegler,A Study on Inventory Models for Perishable Items in a Serial Supply Chain Operating with Price Markdowns,Asset analytics,2022,未知,未知,未列/需核验
Mustafa Hekimoğlu,Markdown Optimization with Generalized Weighted Least Squares Estimation,International Journal of Computational Intelligence Systems,2022,未知,未知,未列/需核验
Aidin Namin; Gonca Soysal; Brian T. Ratchford,Alleviating demand uncertainty for seasonal goods: An analysis of attribute-based markdown policy for fashion retailers,Journal of Business Research,2022,未知,未知,国际A2
Ning Li; Xue Qiao; Zheng Wang,"Joint markdown, ordering and freshness-keeping policy under demand competition between new and old products",Journal of the Operational Research Society,2022,未知,未知,国际B1
Haijiao Li; Kuan Yang; Janny Leung; Guoqing Zhang,Markdown pricing strategy under a dual-channel supply chain with strategic consumers,RAIRO. Operations research,2022,未知,未知,未列/需核验
S.R. Singh; Monika Rani,An EPQ model with life-time items with multivariate demandwith markdown policy under shortages and inflation,Journal of Physics Conference Series,2021,未知,未知,未列/需核验
Su Jia; Andrew Li; R. Ravi,Markdown Pricing Under Unknown Demand,SSRN Electronic Journal,2021,未知,未知,未列/需核验
Andrew Vakhutinsky,Retail markdown price optimization and inventory allocation under demand parameter uncertainty,SSRN Electronic Journal,2021,未知,未知,未列/需核验
Ameneh Jeihouni; Hossein Safari; Mohammad Reza Sadeghi Moghadam; Farzad Bahrami,Markdown Pricing of Perishable Products with Demand Dependence on Inventory Level and Selling Price,مدیریت صنعتی,2021,未知,未知,未列/需核验
Lena Riesenegger; Alexander Hübner,Balancing profitability and waste reduction: optimizing markdown policies for retail inventory,International Journal of Production Research,2026,未知,未知,国际A2
Chad Syverson,Markups and Markdowns,Annual Review of Economics,2025,未知,未知,国际A2
Matthias Mertens; Bernardo Mottironi,Do larger firms exert more market power? Markups and markdowns along the size distribution,Economics Letters,2025,未知,未知,国际A2
Philippe Choné; Francis Kramarz; Oskar Nordström Skans,WAGE MARKDOWNS AND THE SORTING OF WORKERS TO FIRMS WHEN SKILLS ARE BUNDLED,HAL (Le Centre pour la Communication Scientifique Directe),2025,未知,未知,未列/需核验
Dharmesh Katariya; Kunal T. Shukla,A Sustainable Production Inventory Model for Perishable Products Under the Markdown Approach and Carbon Emission Reduction Investments,Inventory optimization,2025,未知,未知,未列/需核验
R. Saarumathi; W. Ritha,Conglomerate Charge and Merchandise Swayed Inventory Model for Fragile Vendibles Besides Advance Remittance Allied Markdown Flair Nether Preservation Technology Using Cloudy Normalized Triangular Fuzzy Number,Lecture notes in networks and systems,2025,未知,未知,未列/需核验
Alexander Hübner; Lena Riesenegger,Balancing Profitability and Waste Reduction: Optimizing Markdown Policies for Expiring Retail Inventory,SSRN Electronic Journal,2025,未知,未知,未列/需核验
Matthias Mertens; Bernardo Mottironi,Do Larger Firms Exert More Market Power? Markups and Markdowns Along the Size Distribution,SSRN Electronic Journal,2025,未知,未知,未列/需核验
Kevin Ren; D Zhang,Price Markups or Wage Markdowns?,SSRN Electronic Journal,2025,未知,未知,未列/需核验
Uma Maheswari G; Srividhya Sethuraman; Sharadha Ramanan,Contextual Bandits for Online Markdown Pricing for E-commerce,,2024,未知,未知,未列/需核验
Siddhartha Sarkar; Suman Kumar; Avishek Shaw; Vivek Balaraman; P. U. Krishnanugrah,Determining Optimal Markdown Pricing for Remaining Inventory: The Role of Customer Regret,Developments in marketing science: proceedings of the Academy of Marketing Science,2024,未知,未知,未列/需核验
Sajjad Najafi; Izak Duenyas; Akhil Singla,Price markdowns to induce customers to opt out of free returns,IISE Transactions,2024,未知,未知,未列/需核验
Xabier Barriola; Jan Holmström; Lauri Loikkanen; Lauri Saarinen,Happy Hour: Markdown Pricing to Reduce Food Waste,SSRN Electronic Journal,2024,未知,未知,未列/需核验
Jane Jiang; Wedad Elmaghraby; Özge Şahin,Impact of Markdown Price Strategy on Returns: A&amp;nbsp;Price Transparency and Valuation Uncertainty Story,SSRN Electronic Journal,2024,未知,未知,未列/需核验
Chad Syverson,Markups and Markdowns,SSRN Electronic Journal,2024,未知,未知,未列/需核验
Nadine Hahn,"Who Is in the Driver's Seat? Markups, Markdowns, and Profit Sharing in the Car Industry",SSRN Electronic Journal,2024,未知,未知,未列/需核验
Robert Streeck; Torsten Gellert; Andreas Schmitt; Asya Dipkaya; Vladimir Fux; Tim Januschowski; Timo Berthold,Tricks from the Trade for Large-Scale Markdown Pricing: Heuristic Cut Generation for Lagrangian Decomposition,arXiv (Cornell University),2024,未知,未知,未列/需核验
Yiwei Chen; Stefanus Jasin,Simple Monotonic Readjustment Policies with Applications to Markdown Pricing and Pricing in the Presence of Strategic Customers,Operations Research,2023,未知,未知,国际A+
,"markdown, adj. &amp; n.",Oxford University Press eBooks,2023,未知,未知,未列/需核验
Minki Hong,Cyclicality of Markup and Markdown: Evidence from Korean Firm Data,SSRN Electronic Journal,2023,未知,未知,未列/需核验
Jian Tong; Carmine Ornaghi,Joint Oligopoly-Oligopsony Model with Wage Markdown Power,SSRN Electronic Journal,2023,未知,未知,未列/需核验
Hua Wang; Chunguang Bai; Chong Zhang,"Markdown, Price Commitment or Price Matching: The Role of Patience for Strategic Consumers and Firms",SSRN Electronic Journal,2023,未知,未知,未列/需核验
Shoki Kusaka,"Markdowns and Trade Liberalization in Developing Countries: Evidence from Colombia, 1977-2020",SSRN Electronic Journal,2023,未知,未知,未列/需核验
Barış Doğu Yıldız; Muhammed Sütçü,A variant SDDP approach for periodic-review approximately optimal pricing of a slow-moving a item in a duopoly under price protection with end-of-life return and retail fixed markdown policy,Expert Systems with Applications,2022,未知,未知,国际B1
Carlos Casacuberta; Néstor Gándelman,"Wage councils, product markups and wage markdowns: Evidence from Uruguay",International Journal of Industrial Organization,2022,未知,未知,国际A2
Louis-Philippe Kerkhove,Optimizing Markdowns and Promotions,Management for professionals,2022,未知,未知,未列/需核验
Atsuko Izumi; Naomi Kodama; Hyoeg Ug Kwon,Labor Market Concentration and Heterogeneous Effects on Markdowns Evidence from Japan,SSRN Electronic Journal,2022,未知,未知,未列/需核验
Arnoud V. den Boer; H.M. Jansen; Jinglong Zhao,Waste Reduction of Perishable Products through Markdowns at Expiry Dates,SSRN Electronic Journal,2022,未知,未知,未列/需核验
Vít Novotný,Markdown 2.15.0: What's new?,TUGboat,2022,未知,未知,未列/需核验
Junhao Hua; Ling Yan; Huan Xu; Cheng Yang,Markdowns in E-Commerce Fresh Retail: A Counterfactual Prediction and Multi-Period Optimization Approach,,2021,未知,未知,未列/需核验
Hashmat Khan; Κωνσταντίνος Μεταξόγλου,The Behavior of the Aggregate U.S. Wage Markdown,Carleton Economic Papers,2021,未知,未知,未列/需核验
Chang Xu; Tijun Fan; Qi Zheng; Yang Song,Contract selection for fresh produce suppliers cooperating with a platform under a markdown-pricing policy,International Journal of Production Research,2021,未知,未知,国际A2
Ling Ling; Timothy Webb; Zvi Schwartz,Risk information and markdowns-induced incentives to participate in hotel room resale schemes,Journal of Revenue and Pricing Management,2021,未知,未知,未列/需核验
Santiago Alvarez-Blaser; Alberto Cavallo; Alex Mackay; Paolo Mengano,Markups and Cost Pass-through Along the Supply Chain,,2025,未知,未知,未列/需核验
Michał Gradzewicz; Jakub Mućk,Unravelling the Markups Changes: The Role of Price Elasticity of Demand and Concentration,Central European Journal of Economic Modelling and Econometrics,2025,未知,未知,未列/需核验
"De Ridder, Maarten; Grassi, Basile; Morzenti, Giovannie",The hitchhiker's guide to markup estimation: assessing estimates from financial data,London School of Economics and Political Science Research Online (London School of Economics and Political Science),2025,未知,未知,未列/需核验
Milton Bronstein; Hamid Firooz; Gunnar Heins; Yonggeun Jung,"&lt;p&gt;When Will Countries Cooperate and When not? Quantifying The Importance of Similarities in Demand, Markups, And Geography in Trade Negotiations&lt;/p&gt;",SSRN Electronic Journal,2025,未知,未知,未列/需核验
Hassan Faryaar,Estimating Markups Using Firm-Level Data: From Accounting Data to Production Inputs,SSRN Electronic Journal,2025,未知,未知,未列/需核验
Ricardo Marto,Structural Change and the Rise in Markups,,2024,未知,未知,未列/需核验
Claudiu-Cătălin Munteanu,CONSEQUENCES OF MAXIMUM MARKUP REGULATION IN THE SUPPLY AND DISTRIBUTION CHAIN FOR AGRI-FOOD PRODUCTS,AGRICULTURAL ECONOMICS AND RURAL DEVELOPMENT,2024,未知,未知,未列/需核验
Eunji Lee; Stefan Minner,How power structure and markup schemes impact supply chain channel efficiency under price-dependent stochastic demand,European Journal of Operational Research,2024,未知,未知,国际A2
Xiaoxi Zhang; Armand Zimmerman; Hongyu Lai; Yanyan Zhang; Zhong-Yi Tang; Shenglan Tang; Osondu Ogbuoji,Differential effect of China’s Zero Markup Drug Policy on provider-induced demand in secondary and tertiary hospitals,Frontiers in Public Health,2024,未知,未知,未列/需核验
S. Li; Shuxiao Sun,Optimal Markup Pricing Strategies in a Green Supply Chain under Different Power Structures,Mathematics,2024,未知,未知,国际A+
Lei Wang; Yiming Yuan; Yongming Sun; Q. Sun,"Export Demand Shocks, Resource Allocation and Markups: Evidence from Chinese Multi-Product Firms",SSRN Electronic Journal,2024,未知,未知,未列/需核验
Sun Lin; Hui-jie YU,Extension of Multi-Product Firm Markups Estimation: Firm-Product-Destination Heterogeneity,SSRN Electronic Journal,2024,未知,未知,未列/需核验
Santiago García Álvarez; Alberto Cavallo; Alex Mackay; Paolo Mengano,Markups and Cost Pass-through Along the Supply Chain,SSRN Electronic Journal,2024,未知,未知,未列/需核验
Enghin Atalay; Erika Frost; Alan Sorensen; Christopher J. Sullivan; Wanjia Zhu,Scalable Demand and Markups,,2023,未知,未知,未列/需核验
Mustapha Ziky; Nabil El Hamidi,Demand trade-off between PLSs and markups in the presence of a conventional banking relationship: The case of Moroccan companies,Banks and Bank Systems,2023,未知,未知,未列/需核验
Devesh Raval,A flexible cost share approach to markup estimation,Economics Letters,2023,未知,未知,国际A2
Nan Zhou; Shiyang Li; Gang Zhao; Chengjiang Li; Na Yu,Medical service pricing and pharmaceutical supply chain coordination contracts under the zero-markup drug policy,Frontiers in Public Health,2023,未知,未知,未列/需核验
Yu Xia; Jing Li; Zhongyang Zhang,Effects of price cap regulation on pharmaceutical supply chain under the zero markup drug policy,Operational Research,2023,未知,未知,国际A2
Devesh Raval,A Flexible Cost Share Approach to Markup Estimation,SSRN Electronic Journal,2023,未知,未知,未列/需核验
Tove Forsbacka,Does the production approach to markup estimation match a stylized fact?,SSRN Electronic Journal,2023,未知,未知,未列/需核验
Shayan Zarifian,Markup Estimation: Monetary Values or Physical Quantities?,SSRN Electronic Journal,2023,未知,未知,未列/需核验
Enghin Atalay; Erika Frost; Alan Sorensen; Christopher J. Sullivan; Wanjia Zhu,Scalable Demand and Markups,SSRN Electronic Journal,2023,未知,未知,未列/需核验
Emanuele Forlani; Ralf Martin; Giordano Mion; Mirabelle Muûls,"Unraveling Firms: Demand, Productivity and Markups Heterogeneity",The Economic Journal,2023,未知,未知,国际A1
Devesh Raval,Testing the Production Approach to Markup Estimation,The Review of Economic Studies,2023,未知,未知,国际A+
Enghin Atalay; Erika Frost; Alan Sorensen; Christopher J. Sullivan; Wanjia Zhu,Scalable Demand and Markups,Working paper,2023,未知,未知,未列/需核验
Xu Ming; Tenglong Zhong; Qian Xie; Hongkui Liu,"Foreign Demand, Competition Strategy, and Export Markups: Evidence from Chinese Multi‐Product Exporters",China & World Economy,2022,未知,未知,国际B1
Arshia Hashemi; Ivan Kirov; James Traina,The production approach to markup estimation often measures input distortions,Economics Letters,2022,未知,未知,国际A2
Antonio Acconcia; Elisa Scarinzi,The Effects of Local Demand and Supply Restrictions on Markup,SSRN Electronic Journal,2022,未知,未知,未列/需核验
Devesh Raval,"Replication Package for ""Testing the Production Approach to Markup Estimation""",Zenodo (CERN European Organization for Nuclear Research),2022,未知,未知,未列/需核验
Len Holm; John E. Schaufelberger,Estimating markups,,2021,未知,未知,未列/需核验
Hanming Fang; Xiaoyan Lei; Julie Shi; Xuejie Yi,Physician-Induced Demand: Evidence from China’s Drug Price Zero-Markup Policy,,2021,未知,未知,未列/需核验
Maximilian Koppenberg; Stefan Hirsch,Markup estimation: A comparison of contemporary methods at the example of European food retailers,Agribusiness,2021,未知,未知,未列/需核验
Ningning Li; Yongjin Wang,Estimating resource misallocation: Distinguishing factor market distortions from variable markups,Economics Letters,2021,未知,未知,国际A2
Stephen Bond; Arshia Hashemi; Greg Kaplan; Piotr Żoch,Some unpleasant markup arithmetic: Production function elasticities and their estimation from production data,Journal of Monetary Economics,2021,未知,未知,国际A1
Ulrich Doraszelski; Jordi Jaumandreu,Reexamining the De Loecker & Warzynski (2012) method for estimating markups,RePEc: Research Papers in Economics,2021,未知,未知,未列/需核验
Carlos Daniel Santos; Luís F. Costa; Paulo Brito,"Demand, Supply, and Markup Fluctuations",SSRN Electronic Journal,2021,未知,未知,未列/需核验
Hanming Fang; Xiaoyan Lei; Julie Shi; Xuejie Yi,Physician-Induced Demand: Evidence from China's Drug Price Zero-Markup Policy,SSRN Electronic Journal,2021,未知,未知,未列/需核验
Arshia Hashemi; Ivan Kirov; James Traina,Production Approach Markup Estimators Often Measure Input Wedges,SSRN Electronic Journal,2021,未知,未知,未列/需核验
Carlos Daniel Santos; Luís F. Costa; Paulo Brito,"Demand, Supply And Markup Fluctuations",The Economic Journal,2021,未知,未知,国际A1
James Sampi; Charl Jooste; Ekaterina Vostroknutova,Identification Properties for Estimating the Impact of Regulation on Markups and Productivity,"World Bank, Washington, DC eBooks",2021,未知,未知,未列/需核验
Lihao Wang; Jiwen Chai; Song Nie; Shangrong Han,IPR Protection and Markup in China: Balancing Innovation Incentives and Markup Distortions,Economic Modelling,2026,未知,未知,国际B1
Zhaosong Li; Weiwen Qian,Artificial Intelligence and Enterprise Export Price Markup in China’s Economy: Based on Large Language Models,International Journal of Economic Sciences,2026,未知,未知,未列/需核验
Lihao Wang; Jiwen Chai; Song Nie; Shangrong Han,Dataset for IPR Protection and Markup,Mendeley Data,2026,未知,未知,未列/需核验
Tim Willems; Frederick van der Ploeg,Battle of the markups: conflict inflation and the aspirational channel of monetary policy transmission,SSRN Electronic Journal,2026,未知,未知,未列/需核验
YongYuan Chen; Kung‐Cheng Ho,"Digital transformation, price markup, and company expense stickiness: A market competition perspective",SSRN Electronic Journal,2026,未知,未知,未列/需核验
Huiyu Li; Chen Lian; Yueran Ma; Emily Martell,"Borrowing Constraints, Markups, and Misallocation",,2025,未知,未知,未列/需核验
Vanessa Alviarez; Michele Fioretti; Ken Kikkawa; Monica Morlacco,Concentration and Markups in International Trade,,2025,未知,未知,未列/需核验
"LUNARDELLI, ANDRE","Fairness, ambiguity, wage markups and disinflation costs",,2025,未知,未知,未列/需核验
Utsav Bahl,From Staggered to Strategic: Firm-Level Markups and the Microfoundations of Monetary Transmission,,2025,未知,未知,未列/需核验
Sebastian Di Tella; Cedomir Giuseppe Maria Malgieri; Christopher Tonetti,Risk Markups,,2025,未知,未知,未列/需核验
Fangzhou Lu; Sixuan Li,"Trade War Expectations, Product Markets, Leverage, and Markup: Evidence from a Field Experiment",AEA Randomized Controlled Trials,2025,未知,未知,未列/需核验
J. W. C. Leung; Zhonglin Li,"Rising Concentration of Household Shopping, Superstar Firms, and Implications for Retail Markups",American Economic Journal Applied Economics,2025,未知,未知,国际A1
Masagus M. Ridhwan; Dinda Thalia Andariesta; Alam Ahmad Hidayat; Darius Tirtosuharto; Irwan Trinugroho; Bruno S. Sergi,The impact of industrial concentration and markups on price-cost margin and prices in the food industry,British Food Journal,2025,未知,未知,未列/需核验
Xinfang Xia,From Markups to Competitive Optimization: The Dual Role of Science and Technology Policies in Innovation,Chinese Economy,2025,未知,未知,未列/需核验
"Alonso Carrera, Jaime; Freire Serén, María Jesús; Raurich, Xavier","Sectoral markups, factor substitution and factor-augmenting technical progress",Dipòsit Digital de la Universitat de Barcelona (Universitat de Barcelona),2025,未知,未知,未列/需核验
Guifu Chen; Hongwei Yuan,"Key industrial policy, market competition and firms’ markup: Evidence from China",Economic Modelling,2025,未知,未知,国际B1
Eunmi Ko,Markup polarization and efficacy of monetary policy: A tale of two firms,Economic Modelling,2025,未知,未知,国际B1
Nicolás Blampied; Scott M. R. Mahadeo,Asymmetric markup responses to monetary shocks over the business cycle,Economica,2025,未知,未知,国际A1
Peter Malliaros; W Alejandro Pacheco-Jaramillo,Cross-country analysis of aggregate markups and their impact on income inequality.,F1000Research,2025,未知,未知,国际A2
Luyu Wang; Fang Qi-yun; Jisen Zhang,Industrial robot application and markup rates: Evidence from Chinese manufacturing firms (2011-2022),Finance research letters,2025,未知,未知,国际B1
Zhiwei Yang; Jiahui Yang; Wei Wang,Labor protection policy and firm markup: Evidence from the implementation of the China social insurance law,Finance research letters,2025,未知,未知,国际B1
S. Wu; Kun Wang; Xiao Yang; Ning Liu; Wenxiu Zou; Xiaowei Li; Dong Huang; Tian-Hao Yu,Impact of zero-markup consumable policy and national procurement of coronary stents on hospitalization expenses: an interrupted time series analysis,Frontiers in Public Health,2025,未知,未知,未列/需核验
Eren Gürer; Pınar Derin-Güre,Evolution of Markups in the Manufacturing Industry of Turkiye,Hacettepe Üniversitesi İktisadi ve İdari Bilimler Fakültesi Dergisi,2025,未知,未知,未列/需核验
"Leung, Justin H.; Li, Zhonglin","Data and Code for: Rising Concentration of Household Shopping, Superstar Firms, and Implications for Retail Markups",ICPSR Data Holdings,2025,未知,未知,未列/需核验
Zhenxiang Chen; Youhao Sun,Chinese Firms' Productivity and Markup Rates,Industrial Engineering and Innovation Management,2025,未知,未知,未列/需核验
Ralf Martin; Jenniffer Solórzano Mosquera; Catherine Thomas; Dennis Verhoeven,Firm markups and the economic value of innovation,International Journal of Industrial Organization,2025,未知,未知,国际A2
Haoyang Li; nan wu; Jinhua Zhao,"Markup dispersion, industry coverage and the cost of environmental regulation",Journal of Environmental Economics and Management,2025,未知,未知,国际A1
Elizabeth Steiner; Yannic Stucki,The impact of exchange rate fluctuations on markups – firm-level evidence for Switzerland,Journal of International Money and Finance,2025,未知,未知,国际A2
Hendrik Döpper; Alexander MacKay; Nathan H. Miller; Joel Stiebale,Rising Markups and the Role of Consumer Preferences,Journal of Political Economy,2025,未知,未知,国际A+
Gergely Csurilla; Zoltán Bakucs; Imre Fertő,"Wine, markups, and export behavior: Evidence from Hungary",Journal of Wine Economics,2025,未知,未知,未列/需核验
Huub Meijers; Joan Muysken; Tom van Veen,Inflation in the context of imported price shocks and markups,Maastricht University Press eBooks,2025,未知,未知,未列/需核验
Linyi Cao; Lijun Zhu,Mergers and acquisitions and the aggregate markup,Macroeconomic Dynamics,2025,未知,未知,国际B1
Mark Jansen; Samuel Kruger; Gonzalo Maturana,Dealer Financing in the Subprime Auto Market: Markups and Implicit Subsidies,Management Science,2025,未知,未知,国际A+
Louis de Mesnard,"Are Operating Margin, Markup and Unit Margin Good for Profit? An Approach Based on Microeconomic Theory",Managerial and Decision Economics,2025,未知,未知,国际B1
Shuangyan Li; Dan Wang; Jun Wen,Value Effect of Public Data Access—A Perspective Based on Manufacturing Firms' Markup,Managerial and Decision Economics,2025,未知,未知,国际B1
"Tu, Yuanfen; Ye, Daocun; Xia, Siwen",The Effect of the Environmental Protection Tax Law on Firms' Markup,Mendeley Data,2025,未知,未知,未列/需核验
"Chiavari, A; Morazzoni, M; Smirnov, D",Heterogeneous markups cyclicality and monetary policy,Oxford University Research Archive (ORA) (University of Oxford),2025,未知,未知,未列/需核验
Luca Correani; Patrizio Morganti,Average markup and welfare in Cournot oligopoly with environmental policies,Review of Economic Design,2025,未知,未知,未列/需核验
André Lunardelli; Márcio I. Nakane,"&lt;p&gt;Fairness, Ambiguity, Wage Markups and Disinflation Costs&lt;/p&gt;",SSRN Electronic Journal,2025,未知,未知,未列/需核验
Karsten Köhler; Jo Michell; Ayoze Alfageme,"An analytical heterogeneous agent macro model of concentration, markups, and falling labour shares",SSRN Electronic Journal,2025,未知,未知,未列/需核验
Huiyu Li; Chen Lian; Yueran Ma; Emily Martell,"Borrowing Constraints, Markups, and Misallocation",SSRN Electronic Journal,2025,未知,未知,未列/需核验
Vanessa Alviarez; Michele Fioretti; Ayumu Ken Kikkawa; Monica Morlacco,Concentration and Markups in International Trade,SSRN Electronic Journal,2025,未知,未知,未列/需核验
Alexandre Corhay; Kejia Hu; Jun Li; Jincheng Tong; Chi-Yang Tsou,"Data, Markups, and Asset Prices",SSRN Electronic Journal,2025,未知,未知,未列/需核验
Juliana Salomão; Yuchen Chen; V. Sharma; Yicheng Wang,Granular Markups and Inflation Surge: The Role of Managerial Incentives&amp;nbsp;,SSRN Electronic Journal,2025,未知,未知,未列/需核验
Paul E. Carrillo; William M. Doerner; William D. Larson,House Price Markups and Mortgage Defaults,SSRN Electronic Journal,2025,未知,未知,未列/需核验
John Cairncross; Peter Morrow; Scott Orr; Swapnika Rachapalli,Identifying Firm vs. Product Markups Using Production Data: Micro Estimates and Aggregate Implications,SSRN Electronic Journal,2025,未知,未知,未列/需核验
Guy Leonel Siwe,Increasing Markups and the Concentration of Sales Share,SSRN Electronic Journal,2025,未知,未知,未列/需核验
Samil Pismaf,MARKUPS IN TÜRKİYE,SSRN Electronic Journal,2025,未知,未知,未列/需核验
Patrick Alexander; Lu Han; Oleksiy Kryvtsov; Ben Tomlin,Markups and Inflation in Oligopolistic Markets: Evidence from Wholesale Price Data,SSRN Electronic Journal,2025,未知,未知,未列/需核验
Qingsong Pan,Markups and Returns to Scale from Financial Statements,SSRN Electronic Journal,2025,未知,未知,未列/需核验
John G. Fernald; Amit Gandhi; Dimitrije Ruzic; James Traina,Micro and Macro Perspectives on Production-Based Markups,SSRN Electronic Journal,2025,未知,未知,未列/需核验
Renyu Li; Ziqi Wang; Qian Zhang; Tenglong Zhong,"Multi-Product Exporters, Variable Markups and Trade Policy Uncertainty",SSRN Electronic Journal,2025,未知,未知,未列/需核验
Has van Vlokhoven,Reliable Markups in Noisy Data: A Case for Cost-Weighted Aggregation,SSRN Electronic Journal,2025,未知,未知,未列/需核验
Sebastian Di Tella; Cedomir Giuseppe Maria Malgieri; Christopher Tonetti,Risk Markups,SSRN Electronic Journal,2025,未知,未知,未列/需核验
Xiaoji Lin; Chao Ying; Terry Zhang,"Technology Adoption, Market Power, and the Dual Dynamics of Value Premium and Markups *",SSRN Electronic Journal,2025,未知,未知,未列/需核验
Brian C. Albrecht; Thomas Phelan; Nicholas Pretnar,Time Use and the Efficiency Of Heterogeneous Markups,SSRN Electronic Journal,2025,未知,未知,未列/需核验
Diane Coyle; Ioannis Bournakis; Jen‐Chung Mei,Unveiling Productivity and Markup Bias: The Role of Price Heterogeneity,SSRN Electronic Journal,2025,未知,未知,未列/需核验
Xiaoyu Yan,Unveiling the Ripple Effect: US Monetary Policy and Firm Markups in Emerging Markets,SSRN Electronic Journal,2025,未知,未知,未列/需核验
Hai Jun Yang,What Determines 401(k) Plan Fees? A Dynamic Model of Transaction Costs and Markups,SSRN Electronic Journal,2025,未知,未知,未列/需核验
Xingqun Xue; Xinyu Zhou; Xiaofeng Zhang; Xinying Yang,The Impact of Economic Policy Uncertainty on Firm Markups and Business Sustainability: The Moderating Effect of Irreversible Investment and Innovation,Sustainability,2025,未知,未知,未列/需核验
Eric T. Anderson; Sérgio Rebelo; Arlene Wong,Markups Across Space and Time,The Review of Economic Studies,2025,未知,未知,国际A+
Paz Rico Belda; Bernardí Cabrer‐Borrás,Analysing the markups of the tourism industry,Tourism and Hospitality Research,2025,未知,未知,未列/需核验
Chunyuan Zhang; Guoda Gu; Hongsheng Zhang,Digital Product Imports and Markups: Evidence From Chinese Multi‐Product Exporters,World Economy,2025,未知,未知,国际B1
Stéphane Auray; Aurélien Eyquem; Ignacio Flores; Jonathan Goupille-Lebret,"Replication package for ""Unpacking Rising Inequality: The Roles of Markups, Taxes, and Asset Prices""",Zenodo (CERN European Organization for Nuclear Research),2025,未知,未知,未列/需核验
Hyungsuk Lee; Junsang Lee,Accounting for the Effects of Fiscal Policy Shocks on Exchange Rates through Markup Dynamics,,2024,未知,未知,未列/需核验
Guillermo Matamoros,Are Firm Markups Boosting Inflation? A Post-Keynesian Institutionalist Approach to Markup Inflation in Select Industrialized Countries,,2024,未知,未知,未列/需核验
Guido Menzio,Markups: A Search-Theoretic Perspective,,2024,未知,未知,未列/需核验
Hendrik Döpper; Alex Mackay; N. A. Miller; Joel Stiebale,Rising Markups and the Role of Consumer Preferences,,2024,未知,未知,未列/需核验
Yichun Gu; Jiajun Hao; Da He; Hui Sun; Xin Cui; Wenqi Tian; Yulin Zhang; Chunlin Jin; Haiyin Wang,The Universal Zero Markup Drug Policy and Gastric Cancer Hospitalization Expenses: An Analysis of Trends and Influencing Factors in Shanghai from 2014 to 2021,,2024,未知,未知,未列/需核验
Ning Zhang; Yunpeng Dong; Yang Li; Miao Guo,Moral hazard in physician prescribing behavior: evidence from China’s Zero-Markup Policy,Applied Economics,2024,未知,未知,国际A1
Song Zhang; Weijie Hao; Huibo Sun; Na Su,Technical standard regulations and firm markups: evidence from China,Applied Economics,2024,未知,未知,国际A1
Hongshan Ai; Xiaoqing Tan; Tenglong Zhong; Yuhan Zhou,The impact of environmental regulation on firms’ markups: evidence from China,Applied Economics,2024,未知,未知,国际A1
Gang An; Wang Jia,Can the expansion of market size increase firm markup? Evidence from China,Applied Economics Letters,2024,未知,未知,未列/需核验
Barış Kaymak; Immo Schott,Do Higher Markups Lower Labor’s Share of Income?,Economic Commentary (Federal Reserve Bank of Cleveland),2024,未知,未知,未列/需核验
Yue Liu; Rong Luo,"Entry cost, fixed cost and markup: Theory and evidence from the impact of corruption on prices",Economic Modelling,2024,未知,未知,国际B1
Gang Jin; Jiwen Zhang; Yongwei Ye; Shiqi Yao; Jingxiang Song,Social insurance law and firm markup in China,Economic Modelling,2024,未知,未知,国际B1
Ricardo Marto,What Is Behind the Rise in Markups?,Economic Synopses,2024,未知,未知,未列/需核验
Xiao Fu; Guofu Tan,Double markups under bilateral vertical contracting,Economics Letters,2024,未知,未知,国际A2
Atsushi Tadokoro,Optimal policy against distortions caused by monopolistic competition and variable markup pricing,Economics Letters,2024,未知,未知,国际A2
Mark Deriet; Mario Seccareccia,"Bank Markups, Horizontalism and the Significance of Banks’ Liquidity Prefererence: an Empirical Assessment",Edward Elgar Publishing eBooks,2024,未知,未知,未列/需核验
Leila Davis,Profits and markups during the post-COVID-19 inflation shock in the U.S. economy: a firm-level lens,European Journal of Economics and Economic Policies Intervention,2024,未知,未知,未列/需核验
Brian C. Albrecht; Ryan A. Decker,Rising Markups and Declining Business Dynamism: Evidence From the Industry Cross Section,FEDS Notes,2024,未知,未知,未列/需核验
James C. Robinson,Hospitals’ Drug Price Markups Incentivize Consolidation And Reduce Funding For Pharmaceutical Innovation,Forefront Group,2024,未知,未知,未列/需核验
Michalis Nikiforos; Simon Grothe; Jan David Weber,"Markups, profit shares, and cost-push-profit-led inflation",Industrial and Corporate Change,2024,未知,未知,国际A2
Dolores Añón Higón; Ioannis Bournakis,Participation in global value chains (GVCs) and markups: firm evidence from six European countries,International Economics and Economic Policy,2024,未知,未知,未列/需核验
Antonio Perrelli; Eduardo Aguiar de Sodré; André V. R. N. Silva; Caarem D. S. Studzinski; Vinícius F. Silva; Dalton F. G. Filho; Armando Temporal Neto; Alex Álisson Bandeira Santos,Optimizing Price Markup: The Impact of Power Purchase Agreements and Energy Production Uncertainty on the Economic Performance of Onshore and Offshore Wind Farms,International Journal of Energy Economics and Policy,2024,未知,未知,未列/需核验
Aneta Kosztowniak,Markups and CPI,JOURNAL OF INTERNATIONAL STUDIES,2024,未知,未知,未列/需核验
Jordi Jaumandreu; Rigoberto A. López,Markups in US food manufacturing accounting for non‐neutral productivity,Journal of Agricultural Economics,2024,未知,未知,国际A1
Xianfeng Zhang; D. Chen; Yanyun Li,The digital economy and markup: Based on herd behavior and peer effect,Journal of International Trade & Economic Development,2024,未知,未知,未列/需核验
Aneta Kosztowniak,The impact of enterprise markups on changes in the CPI in Poland,Journal of Management and Financial Sciences,2024,未知,未知,未列/需核验
Paul Hackworth,The Current and Expected Pricing Markup as Derived from the Capital Asset Pricing Model and Tobin’s Q and Applied to the UK’s FTSE 100,Journal of risk and financial management,2024,未知,未知,未列/需核验
Hankun Yuan; Gangdong Peng; Changhao Song; Luyu Wang; Siyu Lu,RETRACTED ARTICLE: Enhancing Digital Economy: Optimizing Export Enterprise Markup and Resource Allocation Efficiency,Journal of the Knowledge Economy,2024,未知,未知,未列/需核验
Jonathan Hall; Rudolf Kerschbamer; Daniel Neururer; Eric Skoog,Uncovering Sophisticated Discrimination with the Help of Credence Goods Markups: Evidence from a Natural Field Experiment,Management Science,2024,未知,未知,国际A+
Aneta Kosztowniak,The impact of markups and wages on changes in the level of inflation in Poland,Managerial Economics,2024,未知,未知,未列/需核验
Paul Hackworth,Current and Expected Pricing Markup as Derived from The Capital Asset Pricing Model and Tobin’s Q and Applied to the UK’s FTSE 100,Preprints.org,2024,未知,未知,未列/需核验
Giulia Sabbadini,"Firm‐level prices, quality, and markups: The role of immigrant workers",Review of International Economics,2024,未知,未知,国际B1
Massimiliano Calì; Marco Le Moglie; Giorgio Presidente,"Gain without pain? Non‐tariff measures, plant markup, and productivity",Review of International Economics,2024,未知,未知,国际B1
Kenneth Khoo,"Common Ownership, Markups, and Corporate Governance",SSRN Electronic Journal,2024,未知,未知,未列/需核验
Jan Eeckhout; Laura Veldkamp,Data and Markups: A Macro-Finance Perspective,SSRN Electronic Journal,2024,未知,未知,未列/需核验
Frank Stähler; Benedikt Heid,Disentangling Frictions Across the World: Markups Versus Trade Costs,SSRN Electronic Journal,2024,未知,未知,未列/需核验
Daniel Bergstresser; Patrick Herb,Do Risk Premia Explain Dealer Markups in Municipal Bond Offerings?,SSRN Electronic Journal,2024,未知,未知,未列/需核验
Wencui Du; 秋尧 陈,Environmental Regulation and Markups of Multi-Product Enterprises at Different Life Cycle Stages,SSRN Electronic Journal,2024,未知,未知,未列/需核验
Daniel Herrera‐Araujo; Jorge Florez-Acosta,Equilibrium Effects of Minimum Markup Laws in Grocery Retailing Markets,SSRN Electronic Journal,2024,未知,未知,未列/需核验
Scott Orr; Peter Morrow; Swapnika Rachapalli; John Cairncross,Identifying Firm vs. Product Markups Using Production Data: Micro Estimates and Aggregate Implications,SSRN Electronic Journal,2024,未知,未知,未列/需核验
Cecilia Jona‐Lasinio; Stefano Manzocchi; Enrico Marvasi,"Intangible Capital, Markups, and Productivity Growth",SSRN Electronic Journal,2024,未知,未知,未列/需核验
Mehmet Selman Çolak; Abdullah Kazdal; Ünal Seven; Muhammed Hasan Yılmaz,Market Concentration and Firm Markups: Micro Evidence from an Emerging Market with Inflationary Pressures,SSRN Electronic Journal,2024,未知,未知,未列/需核验
Guy Leonel Siwe,"Markup Dispersion, Misallocation and Productivity over the Life Cycle",SSRN Electronic Journal,2024,未知,未知,未列/需核验
Hamid Firooz; Gunnar Heins; Sankalp Mathur,"Markup Heterogeneity, Openness, and the Pro-Competitive Gains from Trade Across Countries",SSRN Electronic Journal,2024,未知,未知,未列/需核验
Eunmi Ko,Markup Polarization and Efficacy of Monetary Policy: A Tale of Two Firms,SSRN Electronic Journal,2024,未知,未知,未列/需核验
Robert J. Barro,Markups and Entry in a Circular Hotelling Model,SSRN Electronic Journal,2024,未知,未知,未列/需核验
Guido Menzio,Markups: A Search-Theoretic Perspective,SSRN Electronic Journal,2024,未知,未知,未列/需核验
Ikuto Aiba; Atsushi Tadokoro,On Trade Models with Variable Markups and Pareto-Distributed Productivity,SSRN Electronic Journal,2024,未知,未知,未列/需核验
Esteban Fernández Vázquez; Adrián Rodríguez del Valle,On the Impact of Markups in Consumers’ Cost of Living,SSRN Electronic Journal,2024,未知,未知,未列/需核验
Wenyi Lyu; Yu Leng; Jian Yang,"Place-Based Policies, Firm Markup, and Allocative Efficiency: Evidence from China's Economic Zones",SSRN Electronic Journal,2024,未知,未知,未列/需核验
Kaiji Chen; Yuxuan Huang; Zhikun Lu; Xuewen Liu; Yong Wang,Preferential Credit Policy with Sectoral Markup Heterogeneity,SSRN Electronic Journal,2024,未知,未知,未列/需核验
Enrico De Monte,"Productivity, Markups, and Reallocation: Evidence From French Manufacturing Firms From 1994 to 2016",SSRN Electronic Journal,2024,未知,未知,未列/需核验
Hendrik Döpper; Alexander MacKay; N. A. Miller; Joel Stiebale,Rising Markups and the Role of Consumer Preferences,SSRN Electronic Journal,2024,未知,未知,未列/需核验
Elizabeth D. Steiner,The Impact of Exchange Rate Fluctuations on Markups -- Firm-Level Evidence for Switzerland,SSRN Electronic Journal,2024,未知,未知,未列/需核验
Daniel Teeter,The Impact of Internal Trade Liberalizations on Plant Productivity and Markups,SSRN Electronic Journal,2024,未知,未知,未列/需核验
Carlos Carreira; Luís Lopes; João Afonso Coelho,The Portuguese Export Miracle During the Great Recession: Greater Productivity or Lower Markups?,SSRN Electronic Journal,2024,未知,未知,未列/需核验
Brian C. Albrecht; Thomas Phelan; Nick Pretnar,Time Use and the Efficiency of Heterogeneous Markups,SSRN Electronic Journal,2024,未知,未知,未列/需核验
Justas Dainauskas; Povilas Lastauskas,Trade Shocks and the Transitional Dynamics of Markups,SSRN Electronic Journal,2024,未知,未知,未列/需核验
Lu Wang; Xu Xie,"Trade, Markups, and Consumer Welfare: Evidence from the Global Smartphone Industry",SSRN Electronic Journal,2024,未知,未知,未列/需核验
Jonathan Becker,Unequal Markup Responses during Recessions,SSRN Electronic Journal,2024,未知,未知,未列/需核验
Mehmet Uğur,Effects of innovation and markups on employment and labour share in OECD industries,Structural Change and Economic Dynamics,2024,未知,未知,国际B1
Olga Shanks,Increasing returns to scale and markups,Structural Change and Economic Dynamics,2024,未知,未知,国际B1
Jorge Uxó González; Eladio Febrero; Ignacio Álvarez,"Prices, markups and wages: inflation and its distributive consequences in Spain, 2021-2023",Structural Change and Economic Dynamics,2024,未知,未知,国际B1
Corina Boar; Virgiliu Midrigin,Markups and Inequality,The Review of Economic Studies,2024,未知,未知,国际A+
Erkki K. Laitinen,Impact of Markup on Profitability Ratios: Evidence from Finland,Theoretical Economics Letters,2024,未知,未知,未列/需核验
Giovanny Leon; Eduardo González-Pier; Panos Kanavos; Eva María Ruiz de Castilla; Gerardo Machinicki,"The 30-Billion-Dollar Distribution Markups and Taxes of Pharmaceuticals in Latin American Countries: Impact, Options, and Trade-Offs",Value in Health Regional Issues,2024,未知,未知,未列/需核验
Constantin Colonescu,How large corporations make huge profits from hidden markups at the expense of consumers,,2023,未知,未知,未列/需核验
James R. Markusen,Incorporating Theory-Consistent Endogenous Markups into Applied General-Equilibrium Models,,2023,未知,未知,未列/需核验
Gita Gopinath; Pierre‐Olivier Gourinchas; Chang‐Tai Hsieh; Nicholas Li,"International Prices, Costs and Markup Diﬀerences",,2023,未知,未知,未列/需核验
Sabrina Spreitzer; Hoai Nam Tran,Stephen Colbert at SemEval-2023 Task 5: Using Markup for Classifying Clickbait,,2023,未知,未知,未列/需核验
Christopher T. Conlon; Nathan H. Miller; Tsolmon Otgon; Yi Yao,"Rising Markups, Rising Prices?",AEA Papers and Proceedings,2023,未知,未知,未列/需核验
Maximilian Koppenberg,"Markups, organic agriculture and downstream concentration at the example of European dairy farmers",Agricultural Economics,2023,未知,未知,国际A1
Ana Paula Cusolito; Álvaro García-Marín; William F. Maloney,"Proximity to the Frontier, Markups, and the Response of Innovation to Foreign Competition: Evidence from Matched Production-Innovation Surveys in Chile",American Economic Review Insights,2023,未知,未知,国际A1
Constantin Colonescu,Compounded Markups in Complex Market Structures,Athens Journal of Business & Economics,2023,未知,未知,未列/需核验
Andrew Leigh,Market power and markups: Malign markers for the Australian macroeconomy,Australian Economic Papers,2023,未知,未知,未列/需核验
Jennifer M. Mower,Casablanca (1942) and Retail Markups: Hollywood-Inspired Design and Merchandizing Strategies in the 1940s,Bloomsbury Fashion Business Cases,2023,未知,未知,未列/需核验
Julie Shi; Lirong Liang; Manqi Hou,The impacts of China's drug price zero-markup policy on medical expenditures and health outcomes,China Economic Review,2023,未知,未知,国际A2
Churen Sun; Han Wu,Corrigendum to “The impact of export VAT rebate on firm-product markups: Evidence from Chinese industrial enterprises” [Econ. Model. 119 (2023) 106–143],Economic Modelling,2023,未知,未知,国际B1
Guobing Shen; Binchao Shen; Ruochen Wu; Zhengyu Yuan,Internetization and the markups of export firms: Evidence from China,Economic Modelling,2023,未知,未知,国际B1
Xiaohan Ma,Oil uncertainty and the price-cost markup: Evidence from U.S. data,Energy Economics,2023,未知,未知,国际A2
Marco Airaudo; Ina Hajdini,"Wealth effects, price markups, and the neo-Fisherian hypothesis",European Economic Review,2023,未知,未知,国际A2
Aneta Kosztowniak,"Impact of Inflation, Markups and Wages on Changes in the Profitability of Enterprieses in Poland",Finanse i Prawo Finansowe,2023,未知,未知,未列/需核验
Louis de Mesnard,"Marge unitaire, taux de marge, markup: est-ce bon pour le profit ?",HAL (Le Centre pour la Communication Scientifique Directe),2023,未知,未知,未列/需核验
William Gamber,"Replication Data for: ""The Importance of Entry in the Business Cycle: What Are the Roles of Markups, Adjustment Costs, and Heterogeneity?""",Harvard Dataverse,2023,未知,未知,未列/需核验
Shuai Chu; Xiangbo Liu; Daisheng Tang,Effects of Drug Price Changes on Patient Expenditure: Evidence from China’s Zero Markup Drug Policy,Health & Social Care in the Community,2023,未知,未知,未列/需核验
Wen Yue; Qingxia Lin,Export duration and firm markups: evidence from China,Humanities and Social Sciences Communications,2023,未知,未知,未列/需核验
Wen Yue; Xuefei Li,Financial constraints and firms’ markup: evidence from China,Humanities and Social Sciences Communications,2023,未知,未知,未列/需核验
Hyungsuk Lee; Junsang Lee,Aggregate Markup and Its Impact on Income Inequality: Country Panel Evidence,International Economic Journal,2023,未知,未知,未列/需核验
Kyriakos Drivas; Sarantis Kalyvitis; Margarita Katsimi,Export prices and markups with a common currency: Empirical evidence from Greek exporting firms and euro adoption,International Review of Economics & Finance,2023,未知,未知,国际B1
Ketan Reddy; Subash Sasidharan,"Global value chains, productivity and markup: Evidence from India",International Review of Economics & Finance,2023,未知,未知,国际B1
James R. Markusen,Incorporating Theory-Consistent Endogenous Markups into Applied General-Equilibrium Models,Journal of Global Economic Analysis,2023,未知,未知,未列/需核验
Nida Jamil; Theresa Thompson Chaudhry; Azam Chaudhry,Adjustments in markups after a Free Trade Agreement: An analysis of Pakistani firms gaining increased access to China,Journal of International Trade & Economic Development,2023,未知,未知,未列/需核验
William Gamber,"The Importance of Entry in the Business Cycle: What Are the Roles of Markups, Adjustment Costs, and Heterogeneity?",Journal of Political Economy Macroeconomics,2023,未知,未知,未列/需核验
Eren Gürer,"Monopolistic competition, rising markups, and optimal taxation of participation",Journal of Public Economic Theory,2023,未知,未知,国际B1
Jacob Kerspien; Jakob B. Madsen,"Markups, Tobin's <i>q</i>, and the Increasing Capital Share",Journal of money credit and banking,2023,未知,未知,国际A1
Yao‐Yu Wang; Yue Tan; Jiancai Wang; Fujun Lai,Uniform vs. retailer-specific pricing: How a supplier responds to the dominant retailers’ markup pricing strategy,Journal of the Operational Research Society,2023,未知,未知,国际B1
M. D. Kuznetsov,Technique for Hierarchical Markup of Text Data Based on the Ontological Representation of Personal Data Processing Scenarios,LETI Transactions on Electrical Engineering & Computer Science,2023,未知,未知,未列/需核验
Michael Polemis; Thanasis Stengos,Does markup regulation restrict price hikes? Evidence from the oil industry,Letters in Spatial and Resource Sciences,2023,未知,未知,未列/需核验
Tadashi Morita,"A note on variable markup, knowledge spillover, and multiple steady states in the variety expansion model",Macroeconomic Dynamics,2023,未知,未知,国际B1
O. Cem Ozturk; Cheng He; Pradeep K. Chintagunta,Frontiers: Inequalities in Dealers’ Interest Rate Markups? A Gender- and Race-Based Analysis,Marketing Science,2023,未知,未知,国际A1
,Markups in the United States health sector are comparatively high,OECD economic surveys. United States,2023,未知,未知,未列/需核验
Oksana Mozgovaya; Boris Fain,INTERREGIONAL DIFFERENTIATION OF SALES MARKUPS OF GUARANTEED (DEFAULT) ELECTRICITY SUPPLIERS BEFORE AND AFTER THE SWITCH TO THE METHOD OF ANALOGUES’ COMPARISON,Public Administration Issues,2023,未知,未知,未列/需核验
Enrico De Monte,"Productivity, Markups, and Reallocation: Evidence from French Manufacturing Firms from 1994 to 2016",Research Square (Research Square),2023,未知,未知,未列/需核验
Yan Liang,Misallocation and markups: Evidence from Indian manufacturing,Review of Economic Dynamics,2023,未知,未知,国际A2
Lauren Chenarides; Miguel I. Gómez; Timothy J. Richards; Koichi Yonezawa,Retail Markups and Discount-Store Entry,Review of Industrial Organization,2023,未知,未知,国际B1
Guillermo Matamoros,Are Firm Markups Boosting Inflation? A Post-Keynesian Institutionalist Approach to Markup Inflation in Select Industrialized Countries,Review of Political Economy,2023,未知,未知,未列/需核验
Nicolás Blampied; Scott M. R. Mahadeo,Asymmetric Markup Responses to Monetary Shocks Over the Business Cycle,SSRN Electronic Journal,2023,未知,未知,未列/需核验
Gang An; Jia Wang,Can the Expansion of Market Size Increase Firm Markup? Evidence from China,SSRN Electronic Journal,2023,未知,未知,未列/需核验
Paul Hackworth,Current and Expected Pricing Markup as Derived from the Capital Asset Pricing Model and Tobin's Q,SSRN Electronic Journal,2023,未知,未知,未列/需核验
Has van Vlokhoven,Decomposing the Rise in Markups with Measurement Error,SSRN Electronic Journal,2023,未知,未知,未列/需核验
Guofu Tan; Xiao Fu,Double Markups Under Bilateral Contracting,SSRN Electronic Journal,2023,未知,未知,未列/需核验
Mehmet Uğur,Effects of Innovation and Markups on Labour Share and Employment: Evidence on Direct and Mediating Effects in OECD Industries,SSRN Electronic Journal,2023,未知,未知,未列/需核验
Cheng He; O. Cem Ozturk; Pradeep K. Chintagunta,Fair Lending in Car Financing: The Impact of the CFPB's Interventions on Dealer Markups and the Racial Gap,SSRN Electronic Journal,2023,未知,未知,未列/需核验
Giulia Sabbadini,"Firm-Level Prices, Quality, and Markups the Role of Immigrant Workers",SSRN Electronic Journal,2023,未知,未知,未列/需核验
James R. Markusen,Incorporating Theory-Consistent Endogenous Markups into Applied General-Equilibrium Models,SSRN Electronic Journal,2023,未知,未知,未列/需核验
Olga Shanks,Increasing Returns to Scale and Markups,SSRN Electronic Journal,2023,未知,未知,未列/需核验
Giancarlo Corsetti; Meredith A. Crowley; Lu Han; Huasheng Song,Markets and Markups: A New Empirical Framework and Evidence on Exporters from China,SSRN Electronic Journal,2023,未知,未知,未列/需核验
Syed Al-Helal Uddin; Hakan Yilmazkuday,Markups and Pricing-to-market,SSRN Electronic Journal,2023,未知,未知,未列/需核验
Vardges Levonyan; Paolo Mengano,Mergers and Markups,SSRN Electronic Journal,2023,未知,未知,未列/需核验
Eren Gürer,"Monopolistic Competition, Rising Markups, and Optimal Taxation of Participation",SSRN Electronic Journal,2023,未知,未知,未列/需核验
Atsushi Tadokoro,Optimal Policy Against Distortions Caused by Monopolistic Competition and Variable Markup Pricing,SSRN Electronic Journal,2023,未知,未知,未列/需核验
Pilar García-Perea; Aitor Lacuesta; Pau Roldan-Blanco,Raising Markups To Survive: Small Spanish Firms During the Great Recession,SSRN Electronic Journal,2023,未知,未知,未列/需核验
Bulat Gafarov; Tengda Gong; Jens Hilscher,Secular Rise and Pro-Cyclical Variation in Markups: Evidence from US Grocery Stores,SSRN Electronic Journal,2023,未知,未知,未列/需核验
Tomás Baioni,Testing the Sellers’ Inflation Theory: The Role of Markups,SSRN Electronic Journal,2023,未知,未知,未列/需核验
Anton Bobrov; James Traina,"The Beginning of the Trend: Interest Rates, Profits, and Markups",SSRN Electronic Journal,2023,未知,未知,未列/需核验
Giovanni Colla Rizzi; Friedrich Lucke; Giovanni Morzenti,The Price of Stability: Volatility and the Rise in Markups during the Great Moderation,SSRN Electronic Journal,2023,未知,未知,未列/需核验
Brian C. Albrecht; Thomas Phelan; Nick Pretnar,Time Use and the Efficiency of Heterogeneous Markups,SSRN Electronic Journal,2023,未知,未知,未列/需核验
Diogo Oliveira Santos; Gustavo Britto; Rafael Saulo Marques Ribeiro; Débora Freire Cardoso,"Do wages squeeze markups? Sectoral-level evidence for Brazil, 2000–2013",Structural Change and Economic Dynamics,2023,未知,未知,国际B1
Julia Cajal-Grossi; Rocco Macchiavello; Guillermo Noguera,Buyers’ Sourcing Strategies and Suppliers’ Markups in Bangladeshi Garments,The Quarterly Journal of Economics,2023,未知,未知,国际A+
Hassan Afrouzi; Luigi Caloi,Endogenous Firm Competition and the Cyclicality of Markups,The Review of Economics and Statistics,2023,未知,未知,国际A1
Brian C. Albrecht; Thomas Phelan; Nick Pretnar,Time Use and the Efficiency of Heterogeneous Markups,Working paper,2023,未知,未知,未列/需核验
Michał Gradzewicz; Jakub Mućk,Globalisation and the fall of markups,World Economy,2023,未知,未知,国际B1
Marc-Etienne Brunet; Ashton Anderson; Richard S. Zemel,ICL Markup: Structuring In-Context Learning using Soft-Token Tags,arXiv (Cornell University),2023,未知,未知,未列/需核验
Anton Bobrov; James Traina,"The Beginning of the Trend: Interest Rates, Profits, and Markups",arXiv (Cornell University),2023,未知,未知,未列/需核验
YiLi Chien; Hyungsuk Lee; Junsang Lee,Credit Expansion and Markups,,2022,未知,未知,未列/需核验
Jan Eeckhout; Laura Veldkamp,Data and Markups: A Macro-Finance Perspective,,2022,未知,未知,未列/需核验
Patrick Elkington; Patrick Elkington,Markups and Misallocation: Firm-Level Evidence from Australia,,2022,未知,未知,未列/需核验
Lucia Foster; John Haltiwanger; Cody Tuttle,Rising Markups or Changing Technology?,,2022,未知,未知,未列/需核验
Elhanan Helpman; Benjamin Niswonger,"Dynamics of Markups, Concentration, and Product Span",American Economic Journal Macroeconomics,2022,未知,未知,国际A1
Yaghoob Jafari; Maximilian Koppenberg; Stefan Hirsch; Thomas Heckelei,Markups and export behavior: <scp>Firm‐level</scp> evidence from the French food processing industry,American Journal of Agricultural Economics,2022,未知,未知,国际A1
Wen Yue,Export product quality and markup of firms: evidence from China,Applied Economics,2022,未知,未知,国际A1
Wang Ming-yi; Zhongyi Zhang; Liu X; Xu Siwei,Labor price distortion and export product markups: Evidence from China labor market,China Economic Review,2022,未知,未知,国际A2
Seung Hoon Lee,Entry and Welfare in General Equilibrium with Heterogeneous Firms and Endogenous Markups,EAER International Conference Proceedings,2022,未知,未知,未列/需核验
Ørjan Mydland; Ståle Størdal; Subal C. Kumbhakar; Gudbrand Lien,Modeling markups and its determinants: The case of Norwegian industries and regions,Economic Analysis and Policy,2022,未知,未知,国际B1
Churen Sun; Han Wu,The impact of export VAT rebate on firm-product markups: Evidence from Chinese industrial enterprises,Economic Modelling,2022,未知,未知,国际B1
Lorenzo Magnolfi; Daniel Quint; Christopher J. Sullivan; Sarah Waldfogel,Differentiated-products Cournot attributes higher markups than Bertrand–Nash,Economics Letters,2022,未知,未知,国际A2
Ibrahim S. Zaqout; Muhammad Saiful Islam; Laith A. Hadidi; Martin Skitmore,Modeling bidding decisions and bid markup size for construction projects: A fuzzy approach,Engineering Applications of Artificial Intelligence,2022,未知,未知,国际B1
Hyejin Lee; Patrick Van Cayseele,"Market power, markup volatility and the role of cooperatives in the food value chain: evidence from Italy",European Review of Agricultural Economics,2022,未知,未知,国际A2
Zheng Zhu; Junfeng Wang; Yan Sun; Jiawei Zhang; Peien Han; Li Yang,The impact of zero markup drug policy on patients' healthcare utilization and expense: An interrupted time series study,Frontiers in Medicine,2022,未知,未知,未列/需核验
Luigi Caloi; Hassan Afrouzi,Replication Data for: Endogenous Firm Competition and the Cyclicality of Markups,Harvard Dataverse,2022,未知,未知,未列/需核验
Matthias Meier; Timo Reinelt,"Replication Data for: Monetary Policy, Markup Dispersion, and Aggregate TFP",Harvard Dataverse,2022,未知,未知,未列/需核验
Jakob Roland Munch; Magnus Tolum Buus; Joel Rodrigue; Georg Schaur,"Replication data for: Do Export Support Programs affect Prices, Quality, Markups, and Marginal Costs? Evidence from a Natural Policy Experiment",Harvard Dataverse,2022,未知,未知,未列/需核验
Eugene Lin; Bich Ly; Erin Duffy; Erin Trish,Medicare Advantage Plans Pay Large Markups To Consolidated Dialysis Organizations,Health Affairs,2022,未知,未知,未列/需核验
Elisa Duran-Micco; Jeffrey M. Perloff,How large are double markups?,International Journal of Industrial Organization,2022,未知,未知,国际A2
Alexandra J. Gibbon; Jan Philip Schain,"Rising markups, common ownership, and technological capacities",International Journal of Industrial Organization,2022,未知,未知,国际A2
Wen Yue,Human capital and firms’ markup: evidence from China,Journal of Applied Economics,2022,未知,未知,未列/需核验
Natalie Chen; Luciana Juvenal,"Markups, quality, and trade costs",Journal of International Economics,2022,未知,未知,国际A1
Chris Edmond; Virgiliu Midrigan; Daniel Yi Xu,How Costly Are Markups?,Journal of Political Economy,2022,未知,未知,国际A+
Paul E. Carrillo; William M. Doerner; William D. Larson,House Price Markups and Mortgage Defaults,Journal of money credit and banking,2022,未知,未知,国际A1
Malik Çürük; Suphi Şen,Climate Policy and Resource Extraction with Variable Markups and Imperfect Substitutes,Journal of the Association of Environmental and Resource Economists,2022,未知,未知,国际B1
Chih‐Hai Yang,Competition in the Chinese market: Foreign firms and markups,Journal of the Japanese and International Economies,2022,未知,未知,未列/需核验
J. Priyanto Widodo,Analisis Investasi dan Penetapan Harga Jual Rumah Berbasis Hibrid Markup - Internal Rate of Return,Jurnal Poli-Teknologi,2022,未知,未知,未列/需核验
Junsang Lee; Hyungsuk Lee,Accounting for the Effect of Household Debt on Economic Growth: The Role of Markup Dynamics,Korea and the World Economy,2022,未知,未知,未列/需核验
Robert L. Vienneau,Characteristics of Labor Markets Varying with Perturbations of Relative Markups,Review of Political Economy,2022,未知,未知,未列/需核验
Brett Hollenbeck; Renato Giroldo,Concentration and Markups: Evidence from Retail Lotteries,SSRN Electronic Journal,2022,未知,未知,未列/需核验
Has van Vlokhoven,Decomposing the Rise in Markups,SSRN Electronic Journal,2022,未知,未知,未列/需核验
Kyriakos Drivas; Sarantis Kalyvitis; Margarita Katsimi,Export Prices and Markups with a Common Currency: Empirical Evidence from Greek Exporting Firms and Euro Adoption,SSRN Electronic Journal,2022,未知,未知,未列/需核验
Alexander Raskovich,Markup Differences are Biased Measures of Lerner Index Differences,SSRN Electronic Journal,2022,未知,未知,未列/需核验
Eunmi Ko,Markup Polarization and Missing Inflation: A Tale of Two Firms,SSRN Electronic Journal,2022,未知,未知,未列/需核验
Alexandre Corhay; Jun E. Li; Jincheng Tong,Markup Shocks and Asset Prices,SSRN Electronic Journal,2022,未知,未知,未列/需核验
Kunal Sangani,Markups Across the Income Distribution: Measurement and Implications,SSRN Electronic Journal,2022,未知,未知,未列/需核验
Stéphane Auray; Aurélien Eyquem; Bertrand Garbinti; Jonathan Goupille-Lebret,"Markups, Taxes, and Rising Inequality",SSRN Electronic Journal,2022,未知,未知,未列/需核验
Lucia Foster; John Haltiwanger; Cody Tuttle,Rising Markups or Changing Technology?,SSRN Electronic Journal,2022,未知,未知,未列/需核验
Nathan Miller; Matthew Osborne; Gloria Sheu; Gretchen Sileo,The Evolution of Concentration and Markups in the United States Cement Industry,SSRN Electronic Journal,2022,未知,未知,未列/需核验
Christian Höynck; Minghao Li; Donghai Zhang,The Markup Elasticity of Monetary Non-Neutrality,SSRN Electronic Journal,2022,未知,未知,未列/需核验
Jakob Lehr,The Response of Markups and Productivity to Energy Tax Exemptions,SSRN Electronic Journal,2022,未知,未知,未列/需核验
Shamil Sharapudinov,"Trade in Niches, Variable Markups, and Firm Sorting in General Equilibrium",SSRN Electronic Journal,2022,未知,未知,未列/需核验
Marco Airaudo; Ina Hajdini,"Wealth Effects, Price Markups, and the Neo-Fisherian Hypothesis",SSRN Electronic Journal,2022,未知,未知,未列/需核验
Shiou‐Yen Chu,"Markups, inequality and monetary‐fiscal policies",Scottish Journal of Political Economy,2022,未知,未知,国际B1
Simon Loertscher; Leslie M. Marx,"Double Markups, Information, and Vertical Mergers",The Antitrust Bulletin,2022,未知,未知,未列/需核验
Laurent Cavenaile; Pau Roldan-Blanco; Tom Schmitz,International Trade and Innovation Dynamics with Endogenous Markups,The Economic Journal,2022,未知,未知,国际A1
Philipp Meinen; Ana Cristina Fermino Soares,Markups and Financial Shocks,The Economic Journal,2022,未知,未知,国际A1
Vahid Hassani; Mohammad Hoseini,Measuring Market Power (Using Markup) for Iran's Economy,The Journal of Planning and Budgeting,2022,未知,未知,未列/需核验
Magnus Tolum Buus; Jakob Roland Munch; Joel Rodrigue; Georg Schaur,"Do Export Support Programs Affect Prices, Quality, Markups, and Marginal Costs? Evidence From a Natural Policy Experiment",The Review of Economics and Statistics,2022,未知,未知,国际A1
Matthias Meier; Timo Reinelt,"Monetary Policy, Markup Dispersion, and Aggregate TFP",The Review of Economics and Statistics,2022,未知,未知,国际A1
Malik Çürük; Suphi Şen,Replication Data for: Climate Policy and Resource Extraction with Variable Markups and Imperfect Substitutes,Wageningen University and Researchcenter Publications (Wageningen University & Research),2022,未知,未知,未列/需核验
Yue Li; Ryan Kuo; Mauricio Pinzon Latorre; Mark Albertson,"FDI, Market Power, and Markups: Evidence from Vietnam","World Bank, Washington, DC eBooks",2022,未知,未知,未列/需核验
Xianhai Huang; Yì Wáng; Zhujun Zhu; Xueyin Song,"Quality of imported intermediates, innovation behaviour and markups: Firm‐level evidence from China",World Economy,2022,未知,未知,国际B1
Elisa Duran-Micco; Jeffrey M. Perloff,How Large Are Double Markups?,Zenodo (CERN European Organization for Nuclear Research),2022,未知,未知,未列/需核验
Reinaldo Moreira Del Fiaco; Paulo Afonso Lopes da Silva,Application of the markup pricing method as an alternative to the non-cost-based model for airport charges,,2021,未知,未知,未列/需核验
Thomas Zenkel; Joern Wuebker; John DeNero,Automatic Bilingual Markup Transfer,,2021,未知,未知,未列/需核验
Nicolas Crouzet; Janice Eberly,"Intangibles, Markups, and the Measurement of Productivity Growth",,2021,未知,未知,未列/需核验
Sharat Ganapati; Rebecca McKibbin,Markups and Fixed Costs in Generic and Off-Patent Pharmaceutical Markets,,2021,未知,未知,未列/需核验
Nicolas Crouzet,"Replication material for ""Intangibles, Markups, and the Measurement of Productivity Growth""",,2021,未知,未知,未列/需核验
Constantin Colonescu,Price Markups and Upstreamness in World Input-Output Data,Acta Universitatis Sapientiae Economics and Business,2021,未知,未知,未列/需核验
Aliomar Lino Mattos; José Carlos Tiomatsu Oyadomari; Fernando Nascimento Zatta,ABORDAGENS DE ESTABELECIMENTO DE PREÇOS E MODELOS DE MARKUP,Anais do Congresso Brasileiro de Custos - ABC,2021,未知,未知,未列/需核验
Zixuan Peng; Chaohong Zhan; Xiaomeng Ma; Honghui Yao; Xu Chen; Xinping Sha; Peter C. Coyte,"Did the universal zero-markup drug policy lower healthcare expenditures? Evidence from Changde, China",BMC Health Services Research,2021,未知,未知,未列/需核验
Kyoji Fukao; Shuichiro Nishioka,"Abenomics, the Exchange Rate, and Markup Dynamics in Japanese Industries",Cambridge University Press eBooks,2021,未知,未知,未列/需核验
Jian Song; Jing Wang,Has Global Division of Labor Increased Markup of Chinese Enterprises?,China Finance and Economic Review,2021,未知,未知,未列/需核验
Subhadip Mukherjee; Rupa Chanda,Tariff liberalization and firm-level markups in Indian manufacturing,Economic Modelling,2021,未知,未知,国际B1
Oleksiy Kryvtsov; Virgiliu Midrigan,"Inventories, Markups and Real Rigidities in Sticky Price Models of the Canadian Economy",Econstor (Econstor),2021,未知,未知,未列/需核验
Danny Leung,Markups in Canada: Have They Changed and Why?,Econstor (Econstor),2021,未知,未知,未列/需核验
Chintamani Jog; Travis Roach,How Have COVID-19 Case Rates Impacted Retail Gasoline Price Markups? Evidence From Daily Prices and Transportation Choices,Energy RESEARCH LETTERS,2021,未知,未知,未列/需核验
Caner Canyakmaz; Süleyman Özekıcı; Fikri Karaesmen,A newsvendor problem with markup pricing in the presence of within-period price fluctuations,European Journal of Operational Research,2021,未知,未知,国际A2
John Lowrey; Timothy J. Richards; Stephen F. Hamilton,Food Banks and Retail Markups,European Review of Agricultural Economics,2021,未知,未知,国际A2
William Gamber,"Entry, Variable Markups, and Business Cycles",Finance and Economics Discussion Series,2021,未知,未知,未列/需核验
Wenyi Liu; Chia-Hsien Hsu; Ting-Jun Liu; Pei‐En Chen; Boyuan Zheng; Ching‐Wen Chien; Tao‐Hsin Tung,"Systematic Review of the Effect of a Zero-Markup Policy for Essential Drugs on Healthcare Costs and Utilization in China, 2015–2021",Frontiers in Medicine,2021,未知,未知,未列/需核验
Reinaldo Moreira Del Fiaco; Paulo Afonso Lopes da Silva,Application of the markup pricing method as an alternative to the non-cost-based model for airport charges,Gestão & Produção,2021,未知,未知,未列/需核验
Sharat Ganapati; Rebecca McKibbin,Replication data for: Markups and Fixed Costs in Generic and Off-Patent Pharmaceutical Markets,Harvard Dataverse,2021,未知,未知,未列/需核验
Ziling Ni; Jie Jia; Lu Cui; Siyu Zhou; Xiaohe Wang,The Impact of China’s Zero Markup Drug Policy on Hospitalization Expenses for Inpatients in Tertiary Public Hospitals: Evidence Based on Quantile Difference-in-Difference Models,Healthcare,2021,未知,未知,未列/需核验
Ecler Jaqua; Terry Jaqua,Markups and Contribution Margins of Nursing Homes,International Journal of Clinical Case Reports and Reviews,2021,未知,未知,未列/需核验
Gerrit Hugo van Heuvelen; Léon Bettendorf; G.W. Meijerink,Markups in a dual labour market: The case of the Netherlands,International Journal of Industrial Organization,2021,未知,未知,国际A2
Eren Gürer,Rising markups and optimal redistributive taxation,International Tax and Public Finance,2021,未知,未知,国际B1
John P. Weche; Joachim Wagner,Markups and Concentration in the Context of Digitization: Evidence from German Manufacturing Industries,Jahrbücher für Nationalökonomie und Statistik,2021,未知,未知,未列/需核验
Bernhard Ganglmair; Alexander Kann; Ilona Tsanko,Markups for Consumers,Jahrbücher für Nationalökonomie und Statistik,2021,未知,未知,未列/需核验
Brandon Tan; Deniz Igan; María Soledad Martínez Pería; Nicola Pierri; Andrea Presbitero,Government intervention and bank markups: Lessons from the global financial crisis for the COVID-19 crisis,Journal of Banking & Finance,2021,未知,未知,未列/需核验
Pilar García-Perea; Aitor Lacuesta; Pau Roldan-Blanco,Markups and cost structure: Small Spanish firms during the Great Recession,Journal of Economic Behavior & Organization,2021,未知,未知,未列/需核验
Anthony Savagar,Measured productivity with endogenous markups and economic profits,Journal of Economic Dynamics and Control,2021,未知,未知,国际A2
Jieun Choi; Emiko Fukase; Albert Zeufack,"Global Value Chain Participation, Competition, and Markups: Evidence from Ethiopian Manufacturing Firms",Journal of Economic Integration,2021,未知,未知,未列/需核验
Ziran Ding,"Firm heterogeneity, variable markups, and multinational production: A review from trade policy perspective",Journal of Economic Surveys,2021,未知,未知,国际B1
Young-Jae Lee,Zombie Firms and Markups,Journal of Industrial Economics and Business,2021,未知,未知,未列/需核验
Nicolas Crouzet; Janice Eberly,"Intangibles, markups, and the measurement of productivity growth",Journal of Monetary Economics,2021,未知,未知,国际A1
Hyungsuk Lee; Junsang Lee; Hyeonsik Yoon,Accounting for the Effect of Government Spending on Income Inequality: Role of Markup Dynamics,Korea and the World Economy,2021,未知,未知,未列/需核验
Carlo Altomonte; Domenico Favoino; Monica Morlacco; Tommaso Sonno,"Markups, intangible capital and heterogeneous financial frictions",London School of Economics and Political Science Research Online (London School of Economics and Political Science),2021,未知,未知,未列/需核验
Renato Giroldo; Brett Hollenbeck,"Concentration, Retail Markups, and Countervailing Power: Evidence from Retail Lotteries",Munich Personal RePEc Archive (Ludwig Maximilian University of Munich),2021,未知,未知,未列/需核验
Chun Pang,"Transaction services, trade patterns, commission middlemen and markup middlemen : inframarginal models and general equilibrium analysis of the division of labor",OPAL (Open@LaTrobe) (La Trobe University),2021,未知,未知,未列/需核验
Atsushi Tadokoro,Efficient policy with firm heterogeneity and variable markups,OUKA (Osaka University Knowledge Archive) (Osaka University),2021,未知,未知,未列/需核验
Sixbert SANGWA; Placide Mutabazi,"&lt;b&gt;Price Markups, Trust Gaps, and Technology Solutions in Rwanda–Asia Trade: An Empirical Study of Vehicle and Machinery Imports, 2000–2025&lt;/b&gt;",Open Journal of Stewardship Economics & Ethical Innovation (ISSN 3105-3068),2021,未知,未知,未列/需核验
Daniel Bu; Zachary G. Schwam; Sean N. Neifert; Rocco Ferrandino; Vivian Z. Kaul; Enrique Perez; George B. Wanna; Maura K. Cosetti,The Price of Otologic Procedures: Variation in Markup by Surgical Procedure and Geography in the United States,Otology & Neurotology,2021,未知,未知,未列/需核验
Benjamin Born; Johannes Pfeifer,Uncertainty‐driven business cycles: Assessing the markup channel,Quantitative Economics,2021,未知,未知,国际A2
Vladimír Peciar,"Empirical investigation into market power, markups and employment",RePEc: Research Papers in Economics,2021,未知,未知,未列/需核验
Oleksiy Kryvtsov; Virgiliu Midrigan,"Inventories, Markups, and Real Rigidities in Menu Cost Models",RePEc: Research Papers in Economics,2021,未知,未知,未列/需核验
"Hyejin Lee; Johan Swinnen; Patrick Van Cayseele; Lee, Hyejin; Swinnen, Johan; Cayseele, Patrick Van",Market Power and the Volatility of Markups in the Food Value Chain: The Role of Italian Cooperatives,RePEc: Research Papers in Economics,2021,未知,未知,未列/需核验
Renato Giroldo; Brett Hollenbeck,"Concentration, Retail Markups, and Countervailing Buyer Power: Evidence from Retail Lotteries",SSRN Electronic Journal,2021,未知,未知,未列/需核验
Mark Jansen; Samuel Kruger; Gonzalo Maturana,Dealer Financing in the Subprime Auto Market: Markups and Implicit Subsidies,SSRN Electronic Journal,2021,未知,未知,未列/需核验
Has van Vlokhoven,Decomposing the Rise in Markups,SSRN Electronic Journal,2021,未知,未知,未列/需核验
Daniel Bergstresser; Patrick Herb,Do Risk Premia Explain Dealer Markups in Municipal Bond Offerings?,SSRN Electronic Journal,2021,未知,未知,未列/需核验
Jie Li; Angdi Lu,"Export Expansions, Local Production Networks and Markup Adjustments",SSRN Electronic Journal,2021,未知,未知,未列/需核验
Nicolas Crouzet; Janice Eberly,"Intangibles, Markups, and the Measurement of Productivity Growth",SSRN Electronic Journal,2021,未知,未知,未列/需核验
Philipp Meinen; Ana Cristina Fermino Soares,Markups and Financial Shocks,SSRN Electronic Journal,2021,未知,未知,未列/需核验
Sharat Ganapati; Rebecca McKibbin,Markups and Fixed Costs in Generic and Off-Patent Pharmaceutical Markets,SSRN Electronic Journal,2021,未知,未知,未列/需核验
Omiros Kouvavas; Chiara Osbat; Timo Reinelt; Isabel Vansteenkiste,Markups and Inflation Cyclicality in the Euro Area,SSRN Electronic Journal,2021,未知,未知,未列/需核验
Ivan Kirov; James Traina,Measuring Markups with Revenue Data,SSRN Electronic Journal,2021,未知,未知,未列/需核验
Lauren Chenarides; Miguel I. Gómez; Timothy J. Richards; Koichi Yonezawa,Retail Markups and Discount-Store Entry,SSRN Electronic Journal,2021,未知,未知,未列/需核验
Eren Gürer,Rising Markups and Optimal Redistributive Taxation,SSRN Electronic Journal,2021,未知,未知,未列/需核验
Hendrik Döpper; Alexander MacKay; Nathan H. Miller; Joel Stiebale,Rising Markups and the Role of Consumer Preferences,SSRN Electronic Journal,2021,未知,未知,未列/需核验
Monika Mrázová; J. Peter Neary; Mathieu Parenti,Sales and Markup Dispersion: Theory and Empirics,SSRN Electronic Journal,2021,未知,未知,未列/需核验
Jean Blaise Nlemfu Mukoko,The Cyclical Behavior of Markups in the New Keynesian Models,SSRN Electronic Journal,2021,未知,未知,未列/需核验
Marco Airaudo; Ina Hajdini,"Wealth Effects, Price Markups, and the Neo-Fisherian Hypothesis",SSRN Electronic Journal,2021,未知,未知,未列/需核验
Pascal Belan; Clément Carbonnier; Martine Carré,Fiscal Devaluation with Endogenous Markups: Productivity and Welfare*,Scandinavian Journal of Economics,2021,未知,未知,国际B1
Samuel Vika Mhlanga; Neil Rankin,"Fixed costs, markups and concentration in Eswatini (Swaziland): A firm‐level analysis of panel data",South African Journal of Economics,2021,未知,未知,未列/需核验
Gustavo Daou Lucas,"The (dampened) wage-price spiral: Conflict, endogenous markup and inflation",Structural Change and Economic Dynamics,2021,未知,未知,国际B1
Sharat Ganapati; Rebecca McKibbin,Markups and Fixed Costs in Generic and Off-Patent Pharmaceutical Markets,The Review of Economics and Statistics,2021,未知,未知,国际A1
Wen Yue,AGGREGATE MARKUP DYNAMICS: EVIDENCE FROM CHINA,The Singapore Economic Review,2021,未知,未知,未列/需核验
Marco Airaudo; Ina Hajdini,"Wealth Effects, Price Markups, and the Neo-Fisherian Hypothesis",Working paper,2021,未知,未知,未列/需核验
Massimiliano Calì; Marco Le Moglie; Giorgio Presidente,"Gain without Pain? Non-Tariff Measures, Plants' Productivity and Markups","World Bank, Washington, DC eBooks",2021,未知,未知,未列/需核验
Ana Paula Cusolito; Álvaro García-Marín; William F. Maloney,"Proximity to the Frontier, Markups, and the Response of Innovation to Foreign Competition: Evidence from Matched Production-Innovation Surveys in Chile","World Bank, Washington, DC eBooks",2021,未知,未知,未列/需核验
